-- phpMyAdmin SQL Dump
-- version 5.0.2
-- https://www.phpmyadmin.net/
--
-- Hôte : 127.0.0.1:3306
-- Généré le : ven. 05 mars 2021 à 19:28
-- Version du serveur :  8.0.21
-- Version de PHP : 7.3.21

SET SQL_MODE = "NO_AUTO_VALUE_ON_ZERO";
START TRANSACTION;
SET time_zone = "+00:00";


/*!40101 SET @OLD_CHARACTER_SET_CLIENT=@@CHARACTER_SET_CLIENT */;
/*!40101 SET @OLD_CHARACTER_SET_RESULTS=@@CHARACTER_SET_RESULTS */;
/*!40101 SET @OLD_COLLATION_CONNECTION=@@COLLATION_CONNECTION */;
/*!40101 SET NAMES utf8mb4 */;

--
-- Base de données : `bd_restaurant`
--

-- --------------------------------------------------------

--
-- Structure de la table `categorie`
--

DROP TABLE IF EXISTS `categorie`;
CREATE TABLE IF NOT EXISTS `categorie` (
  `id_categorie` int NOT NULL AUTO_INCREMENT,
  `nom_categorie` varchar(30) CHARACTER SET utf8 COLLATE utf8_general_ci NOT NULL,
  PRIMARY KEY (`id_categorie`)
) ENGINE=InnoDB AUTO_INCREMENT=7 DEFAULT CHARSET=utf8;

--
-- Déchargement des données de la table `categorie`
--

INSERT INTO `categorie` (`id_categorie`, `nom_categorie`) VALUES
(1, 'entrée chaude'),
(2, 'entrée froide'),
(3, 'soupes'),
(4, 'a base de riz'),
(5, 'tarte'),
(6, 'a base de feuille');

-- --------------------------------------------------------

--
-- Structure de la table `choix`
--

DROP TABLE IF EXISTS `choix`;
CREATE TABLE IF NOT EXISTS `choix` (
  `id_choix` int NOT NULL AUTO_INCREMENT,
  `id_plat` int NOT NULL,
  `id_commande` int NOT NULL,
  `quantite_choix` int NOT NULL,
  `remarque` text COLLATE utf8mb4_general_ci NOT NULL,
  PRIMARY KEY (`id_choix`),
  KEY `id_commande` (`id_commande`),
  KEY `id_plat` (`id_plat`)
) ENGINE=InnoDB AUTO_INCREMENT=4 DEFAULT CHARSET=utf8mb4 COLLATE=utf8mb4_general_ci;

--
-- Déchargement des données de la table `choix`
--

INSERT INTO `choix` (`id_choix`, `id_plat`, `id_commande`, `quantite_choix`, `remarque`) VALUES
(1, 4, 4, 2, 'très bon'),
(2, 6, 2, 5, 'pas mal'),
(3, 4, 3, 1, 'pouff!!!!!');

-- --------------------------------------------------------

--
-- Structure de la table `client`
--

DROP TABLE IF EXISTS `client`;
CREATE TABLE IF NOT EXISTS `client` (
  `id_client` int NOT NULL AUTO_INCREMENT,
  `nom_client` varchar(20) CHARACTER SET utf8mb4 COLLATE utf8mb4_general_ci NOT NULL,
  `prenoms_client` varchar(20) CHARACTER SET utf8mb4 COLLATE utf8mb4_general_ci NOT NULL,
  `telephone_client` int NOT NULL,
  `email_client` varchar(80) CHARACTER SET utf8mb4 COLLATE utf8mb4_general_ci NOT NULL,
  PRIMARY KEY (`id_client`)
) ENGINE=InnoDB AUTO_INCREMENT=8 DEFAULT CHARSET=utf8mb4 COLLATE=utf8mb4_general_ci;

--
-- Déchargement des données de la table `client`
--

INSERT INTO `client` (`id_client`, `nom_client`, `prenoms_client`, `telephone_client`, `email_client`) VALUES
(2, 'tema', 'steve', 652154874, 'steve225@gmail.com'),
(3, 'kameni', 'jordan', 685142154, ''),
(4, 'kiary', 'jule', 652124852, 'fiq5@gmail.com'),
(5, 'ndjenou', 'carelle', 699564842, 'carndj@gmail.com'),
(6, 'leuthe', 'louis', 654214750, ''),
(7, 'dedieur', 'moise', 699564212, 'moise24h@gmail.com');

-- --------------------------------------------------------

--
-- Structure de la table `commande`
--

DROP TABLE IF EXISTS `commande`;
CREATE TABLE IF NOT EXISTS `commande` (
  `id_commande` int NOT NULL AUTO_INCREMENT,
  `numero_table` int NOT NULL,
  `date_commande` timestamp NOT NULL ON UPDATE CURRENT_TIMESTAMP,
  `id_client` int NOT NULL,
  PRIMARY KEY (`id_commande`),
  KEY `id_client` (`id_client`),
  KEY `num_table` (`numero_table`)
) ENGINE=InnoDB AUTO_INCREMENT=6 DEFAULT CHARSET=utf8;

--
-- Déchargement des données de la table `commande`
--

INSERT INTO `commande` (`id_commande`, `numero_table`, `date_commande`, `id_client`) VALUES
(1, 1, '0000-00-00 00:00:00', 2),
(2, 1, '2021-03-02 16:21:07', 3),
(3, 3, '2021-03-02 16:21:07', 3),
(4, 4, '2021-03-02 16:21:07', 5),
(5, 2, '2021-03-05 01:31:51', 4);

-- --------------------------------------------------------

--
-- Structure de la table `commande_fournisseurs`
--

DROP TABLE IF EXISTS `commande_fournisseurs`;
CREATE TABLE IF NOT EXISTS `commande_fournisseurs` (
  `id_cf` int NOT NULL AUTO_INCREMENT,
  `id_fournisseur` int NOT NULL,
  `id_matiere` int NOT NULL,
  `date_cf` timestamp NOT NULL ON UPDATE CURRENT_TIMESTAMP,
  `date_livrquantite_command` timestamp NOT NULL ON UPDATE CURRENT_TIMESTAMP,
  PRIMARY KEY (`id_cf`),
  KEY `id_fournisseur` (`id_fournisseur`),
  KEY `id_matiere` (`id_matiere`)
) ENGINE=InnoDB AUTO_INCREMENT=3 DEFAULT CHARSET=utf8;

--
-- Déchargement des données de la table `commande_fournisseurs`
--

INSERT INTO `commande_fournisseurs` (`id_cf`, `id_fournisseur`, `id_matiere`, `date_cf`, `date_livrquantite_command`) VALUES
(1, 1, 6, '2021-02-28 23:20:40', '2021-03-04 23:20:48'),
(2, 2, 2, '2021-03-15 23:22:51', '2021-03-25 23:22:51');

-- --------------------------------------------------------

--
-- Structure de la table `employe`
--

DROP TABLE IF EXISTS `employe`;
CREATE TABLE IF NOT EXISTS `employe` (
  `id_employe` int NOT NULL AUTO_INCREMENT,
  `id_poste` int NOT NULL,
  `nom_employe` varchar(20) NOT NULL,
  `prenom_employe` varchar(20) NOT NULL,
  `telephone_employe` int NOT NULL,
  `salaire_employe` double NOT NULL,
  `heur_retard` double NOT NULL,
  PRIMARY KEY (`id_employe`),
  KEY `id_poste` (`id_poste`)
) ENGINE=InnoDB AUTO_INCREMENT=8 DEFAULT CHARSET=utf8;

--
-- Déchargement des données de la table `employe`
--

INSERT INTO `employe` (`id_employe`, `id_poste`, `nom_employe`, `prenom_employe`, `telephone_employe`, `salaire_employe`, `heur_retard`) VALUES
(1, 2, 'onana', 'andré', 652145213, 50000, 0),
(2, 2, 'kameni', 'brenda', 675421215, 75000, 0),
(3, 4, 'djimboum', 'stephanie', 672124563, 37000, 0),
(4, 1, 'zomo', 'federic', 682154719, 50000, 0),
(5, 2, 'gimno', 'farelle', 695462132, 85000, 4),
(6, 3, 'taniko', 'dan', 695621430, 105000, 12),
(7, 3, 'biamkop', 'valery', 685952130, 200000, 1);

-- --------------------------------------------------------

--
-- Structure de la table `facture_client`
--

DROP TABLE IF EXISTS `facture_client`;
CREATE TABLE IF NOT EXISTS `facture_client` (
  `id_facture_client` int NOT NULL AUTO_INCREMENT,
  `id_commande` int NOT NULL,
  `remise` float NOT NULL,
  `cout_total` double NOT NULL,
  `versement` double NOT NULL,
  PRIMARY KEY (`id_facture_client`),
  KEY `id_commande` (`id_commande`)
) ENGINE=InnoDB AUTO_INCREMENT=4 DEFAULT CHARSET=utf8mb4 COLLATE=utf8mb4_general_ci;

--
-- Déchargement des données de la table `facture_client`
--

INSERT INTO `facture_client` (`id_facture_client`, `id_commande`, `remise`, `cout_total`, `versement`) VALUES
(1, 1, 30, 250, 1500),
(2, 2, 20, 1000, 150),
(3, 3, 0, 20000, 15000);

-- --------------------------------------------------------

--
-- Structure de la table `fournisseur`
--

DROP TABLE IF EXISTS `fournisseur`;
CREATE TABLE IF NOT EXISTS `fournisseur` (
  `id_fournisseur` int NOT NULL AUTO_INCREMENT,
  `nom_f` varchar(20) NOT NULL,
  `prenom_f` varchar(20) NOT NULL,
  `email_f` varchar(100) NOT NULL,
  `ville_f` varchar(20) NOT NULL,
  `telephone_f` int NOT NULL,
  `versement_f` double NOT NULL,
  `dettes_fournisseur` double NOT NULL,
  PRIMARY KEY (`id_fournisseur`)
) ENGINE=InnoDB AUTO_INCREMENT=5 DEFAULT CHARSET=utf8;

--
-- Déchargement des données de la table `fournisseur`
--

INSERT INTO `fournisseur` (`id_fournisseur`, `nom_f`, `prenom_f`, `email_f`, `ville_f`, `telephone_f`, `versement_f`, `dettes_fournisseur`) VALUES
(1, 'ngounou', 'jean', 'jend@gmail.com', 'manjo', 685214578, 140000, 0),
(2, 'hugue', 'loic', 'cuefq@ticto.com', 'douala', 684541214, 25000, 15000),
(3, 'didan', 'luck', 'die@gmail.com', 'yaounde', 652145121, 140000, 0),
(4, 'tiomene', 'serge', 'sergiok52@mrt.cm', 'abidjan', 675421240, 20000, 0);

-- --------------------------------------------------------

--
-- Structure de la table `lot`
--

DROP TABLE IF EXISTS `lot`;
CREATE TABLE IF NOT EXISTS `lot` (
  `id_lot` int NOT NULL AUTO_INCREMENT,
  `id_matiere` int NOT NULL,
  `id_fournisseur` int NOT NULL,
  `quantite_lot` int NOT NULL,
  `date_livraison_lot` date NOT NULL,
  PRIMARY KEY (`id_lot`),
  KEY `id_fournisseur` (`id_fournisseur`),
  KEY `id_matiere` (`id_matiere`)
) ENGINE=InnoDB AUTO_INCREMENT=4 DEFAULT CHARSET=utf8mb4 COLLATE=utf8mb4_general_ci;

--
-- Déchargement des données de la table `lot`
--

INSERT INTO `lot` (`id_lot`, `id_matiere`, `id_fournisseur`, `quantite_lot`, `date_livraison_lot`) VALUES
(1, 2, 4, 2, '2021-03-11'),
(2, 4, 1, 20, '2021-03-23'),
(3, 5, 4, 15, '2021-03-04');

-- --------------------------------------------------------

--
-- Structure de la table `matiere`
--

DROP TABLE IF EXISTS `matiere`;
CREATE TABLE IF NOT EXISTS `matiere` (
  `id_matiere` int NOT NULL AUTO_INCREMENT,
  `nom_matiere` varchar(20) NOT NULL,
  `prix_unitaire` double NOT NULL,
  `quantite_actuelle` int NOT NULL,
  `quantite_max` int NOT NULL,
  `quantite_min` int NOT NULL,
  `date_fin_consomation` date NOT NULL,
  `nom_magasin` varchar(20) NOT NULL,
  `debut_stockdate_fabrique` date NOT NULL,
  PRIMARY KEY (`id_matiere`)
) ENGINE=InnoDB AUTO_INCREMENT=8 DEFAULT CHARSET=utf8;

--
-- Déchargement des données de la table `matiere`
--

INSERT INTO `matiere` (`id_matiere`, `nom_matiere`, `prix_unitaire`, `quantite_actuelle`, `quantite_max`, `quantite_min`, `date_fin_consomation`, `nom_magasin`, `debut_stockdate_fabrique`) VALUES
(1, 'sel', 12, 14, 200, 10, '0000-00-00', 'm1', '2021-03-03'),
(2, 'piment', 50, 20, 25, 2, '2021-03-17', 'm1', '2021-03-01'),
(3, 'tomate', 50, 200, 500, 10, '2021-03-10', 'm1', '2021-03-07'),
(4, 'riz', 500, 2000, 50000, 500, '2021-04-09', 'm2', '2019-03-21'),
(5, 'carotte', 100, 20, 25, 0, '2021-03-05', 'm1', '2021-03-01'),
(6, 'salade', 200, 10, 30, 2, '2021-03-04', 'm1', '2021-03-01'),
(7, 'condiment_verte', 50, 100, 100, 20, '2021-03-02', 'm1', '2021-02-25');

-- --------------------------------------------------------

--
-- Structure de la table `plat`
--

DROP TABLE IF EXISTS `plat`;
CREATE TABLE IF NOT EXISTS `plat` (
  `id_plat` int NOT NULL AUTO_INCREMENT,
  `id_categorie` int NOT NULL,
  `nom_plat` varchar(20) COLLATE utf8mb4_general_ci NOT NULL,
  `image` blob,
  `qu_init` int NOT NULL,
  `qu_res` int NOT NULL,
  `prix_plat` double NOT NULL,
  PRIMARY KEY (`id_plat`),
  KEY `id_categ` (`id_categorie`)
) ENGINE=InnoDB AUTO_INCREMENT=8 DEFAULT CHARSET=utf8mb4 COLLATE=utf8mb4_general_ci;

--
-- Déchargement des données de la table `plat`
--

INSERT INTO `plat` (`id_plat`, `id_categorie`, `nom_plat`, `image`, `qu_init`, `qu_res`, `prix_plat`) VALUES
(4, 2, 'katala', '', 21, 14, 2500),
(5, 4, 'tato riz', NULL, 21, 0, 1500);
INSERT INTO `plat` (`id_plat`, `id_categorie`, `nom_plat`, `image`, `qu_init`, `qu_res`, `prix_plat`) VALUES
(6, 6, 'okok', 0x89504e470d0a1a0a0000000d49484452000003f90000015408060000007f58fc15000000017352474200aece1ce90000000467414d410000b18f0bfc6105000000097048597300000ec300000ec301c76fa8640000937549444154785eedbde99715559af6eddfd0bdaa3ff61756777fe9f5f6ea85effb3c3d543fd5b578baabba6b50db525151aa2d9422b3aaac2ec1112ca0065bd1c4d25254c0544a659229d15229719629c9444545019904142a1149862495bedf3d46dc7b883871a6cc335cd75abf45c6d943ec7def1d11fb8a8873386fe9d2a5044110044110044110044150f30b261f822008822008822008825a4430f910044110044110044110d42282c987200882200882200882a016114c3e04411004411004411004b588724dfec7273653cf0793e8c9eddfa1c7dffe1700000000000000000034305193ff3f748eb61e9e472fecfe311d3cf9329dfee290f8e4340000000000000000001a98a8c93f7c721bfde1a3ffa2a1737be8f3e197e9d8d9353430f4b460390000000000000000001a94a8c95fb7fb677460b08706ceaea4a3434f0a7e0700000000000000008006276af297bcf71ff4c7a1674506187c0000000000000000a059889a7cf965fd636757470b000000000000000000a031c934f9f23bf8b102000000000000000000684c724cfef26801000000000000000000342630f90000000000000000408b00930f0000000000000000b40830f90000000000000000408b00930f0000000000000000b40830f90000000000000000408b00930f0000000000000000b40830f90000000000000000408b30aa26ff810d3fa34737df184d73f939dd76de7974deec9f67a709bef9f8afe8e16febbfcf9b7d83fafb9b8fdf1f29c378e55291ff52fa7d2c6db4a8799bee67b1e07fc7f28e3cbf9f6dc64c70db2bf13cc548e7829e0f25fab8b783bef9ed0eda1e4bab11aa6fd179eb53a37119a9f92c6377de587a786f24adade073ae54dcf3f316390e641e7f8ef072e735ed98e8d8143ffee5f152aaafa5f214a90300000000a0f91835932f0dfe8f7aaea11faebc9a166e981acd93208dcbec4bc522305c186f7f7c2c9d678d9a63700a9a2698fcd185f7b5aa7e7bfd522634cf34b80b7c671e95a09cbc236bf2ad892c18c36a8cba53b65c83567fca19a36ae0e35b6aac73f316380e541911673e47fc7eaaed8a8fa1d1a4bc3924fb59e858297523af543a000000004013322a26ffb76ffe1775aef94fea7a6b16fd72e32d34f1c94b69decbd747f35af373db2b7113a416b576b12c17c7e52ed8aa329675a2e66daa8581ac0faed9b1631de62b9f127d96316626ab1c53584ede52c62fa5fa3152c6e7db6598bc6a4cbe43bb9a7cafdf2a9e59b1cfcf9b7f1ce8b2e77dfb52baadd41ca9d9988e34e5cc2199b7f8f951c636afde52e90000000000cdc6889bfcdfbef15f3465d544babb7f26ddd57f3b7dffa9cbe86bbffc3b3a78b23b9a9f2f86fd85bbda968b5fc5ffc3fe968b5cdf349985b22159d41943fd30abcb5944abfda7e55cc3a6f7a1d3c6d26db373da57c270a845bec97bdb6ccfe43b6d7017f0bc5cf63e782cfcb864f7411b0ff906459aee98879ab62bb65d0525cc8eb3b05773206cabd3073beeb1bc397344c730c3e4f372110317dd7f16b22ed99ec23788f8f1a0e324f7f74d31deaa4db66fbcbf82a47d497cf9fc61317562c2c6c1967b3cad57d6c98f1567fcb3eab173c5b65761fa9d319e0e25daa78e039b9e3b7e91be256d64e4e62d751cfc9c7eafe25ae0f8c86b83299fd5afbcf996772ecb2aa7e77ecef9838f93c9979aed8cf3b52de7b42fbf5faaedde679c52e90000000000cd465d4cfea64f7e43bfffe8d7c1e7f70b832f5fcfbfb3ef76faefbe19ea09feff99fdbfb30dbec05d80c9859fbb5054e98e21b106872f88bdc5315f089b856692a6b6ddc5b76b5cd2fd3bfbb68bd2685bec82376321196977baadeb750d2933336cc1ad4c5ad40064c722af0f7af19ef6576d7b796bd12ebe80cfce5b141b3f41e6c2bdc43c0ab6755fe331f3fae0cd1115b3683bdc71d0f1cbdf475e5ce47e541bf8389422d656a7ac17275eb753d69b0b79734395633189f53b69434e3dc9387bdba65e7f3c5dca689fd94efbc6506976ff122f5e9cdcbcde1c12c48f8362f320abdf2a26c95c74f7993bdf9cb8bb73da2da7e36acbe9f9e4cd2f2fafb3ff64dbdbbf8a9d5b0f8f415ebf1441ec3d4aa5030000000034193537f9bd9fde473f7bf11abaf9e51fd18af767269fdffffa4f69f28aabe8bfb74ea75f6fbd8dae7ee212faa759ff2bd7e0eb059bbb688e2ef0ecc2316202545e6f91e8e02d604be7b569de4254c0dbe2b7336f21a916bfc92255c0db24ff4e16c612b68855f9bc056d14ded6acbf755ebf0fbc5d41ac6bd42e9e2f885bc5e8ba9db85a2263e1f4ad445cdcbc1eaaefae21c96e039f677c9f615cc2787b69761f6afff17916e0b521b3ad06d56f5bb75336629ab3e686df6f7f9bb73faf9ec818f1f6971ca3a2edf3fbc6517979acb971f7c8cd1b8e77fc3808fbccd1e393b1ffdcf470ff3c46d9f3226c0f8fbb5fce19133ece0a16e720563c1e615b4bf53b1c538f52e900000000004d464d4dfe86c3f7d20d2ffe27fd6ad3cd7477dfcfe9caa72ea2a56fcfa007dffc2fbaeee92be957bdb7d12fb7dc4c137e77317d75e6ff57c2e00bd442502c1403d20560f6c2912d40830525c34ff3167c6aa16af7fbedb12c2d5cfca76dd1fb76db2c892d24c385325fe4ea056c585792df8b91b3504fe0fbe07fe7f5217f915efb76c5b6192a26a5eaf3c81a77165ffb19ef5ba9b8b879f3e64818c38448db5223a3f79fd49910e98b8a199b57597d8e119beb4e5bf578d8fd3bdff777cabaf1ca9d1bde3e836dd6fefc3916ce15de7e7f8c3865b52f3217124af5a570dea2c741d6e7b64f19fb66b87db7f9f3e65bf63e4b1d27fe7ce269fc6f9daef7a3eaf2ce1d09aa2e962f299bd52f8b6c675e6c4aa5030000000034173535f9874e3d46d7ac1a4fd35eeca0b96fff827eb9e9169ab26622fd68ed35347bd34d346bcb4d74e5a2ffa07ffcf9ff5bdae00b52d3c33f771796ce62d131386c719ab7f8f64d11cf5bd6c23c5ce0c617c62181b9e26d927f3b8be16cf44297f52581b735eb6f5607eb43d622bd36edf2e3a4db13355415e0b497a3c6d16d8f9b373f2e4ededc3912195b8b5f2e322e85e2a0eab1e686c3ebcea0545bfd63836f3b653db3973737fc7efbdb7c1fb9732c1c23defeccb19794d3be88914df1cca12a1b9fe7a5f2163b0ec23e4b545f33f79b8d8a978a43fe7ccb9cc391f6f0b8fbe59c31e1e3ac6071ce8d637e5b2569bfcc67c1987a944a070000000068326afebafec153dd74f99317d28f9eb9467deffed7bdb7d2cccdd368e6a66974f9e317d13fdc5ecce0078b62065f3c662f1cf902d45f8cb205a5bfd8e40b3ef577baa054fb656d728d84ae336b119bbb105779d37af57e6c5ed656b9cddae4ee5f20ebe1db09d9b1c8eb43ee22bd26ed3269b6af5eccca233ec6e93647a6b973cb6f73acafd1989598237e0c53747b9334534f7c5c4c3d5931e4941343b5cf9cb6aaba6cba69afaddb29ebcd859cb9e1ef33d876da9f534f30de6efb8339e85046fb82beb9f07d668f7581bc858e83b0cfee18e5e3ef53c5c86ce7ce37af3d3caf5b4ec7cab62fbabf8cbc7a1f59631bd6cb6390d72f851ad3583c0da5d201000000009a8cbafcf0dec7c2c45ff8f037e907cbafa0599b6fa4191b6fa0f1dd17d2dfcf385f18fc47a3657cfc45a7035bd83af99cc5687ca1689f74ba8b4bb6c0f316f96a0169cadcf68abfe0b7c647627ea19fb559b5cd942db510e779f52f86fb6db2f54416b8495ad63e782cfcb864f7217f912ea8ba5d1a37c6f13cc570c7d859e87bc87d3afb4afa92c6dde943601ad2bc6efbdd39a2d232dbc1db7b29dd26f266c790cd873cfcf92cb7b38e2336f6b2bd615bf9dc1063f80a3b36328e93a4fd5973c32b176c478fc7483dc13cf6da9f94cb885bd1f69931ca9e97ee18f27da9e3c58967765e091feff8fe32fa9cd459ac7c9acf6d835b57a42f45cab1fe3ae321c83d7f98ff5d226d378f955b8f9a234e5cf3fbe58e83ac978f6f6c9c00000000009a9bba987c8934faff7acfd7e8ca4517d3a58f7e97fe6efad8c206bf596985c562db2c7803a3d0aa0803343bcbe483fa220c25cc631d90463dbc491247df00c8be49532a1d00000000a0f9a89bc9977c3cf8287d75f6ffa2bf5706bfc82bfacd857c52953e55d34f9ef853b666a015fa50197271ef3ed16b49f676d06d6d319e0dc82b97c23cd6097933b2d0794abe2d90f9268ba0543a0000000040135257932f39208c7e2b1a7c057fdd54d28c4fed5aa10f9582053e004d4a919b74a5f2b4c98d3e00000000b41d7537f9000000000000000000181960f20100000000000000801601261f0000000000000000681160f20100000000000000801601261f0000000000000000681160f20100000000000000801601261f00000000000000006811a226ffe0c183000000000000000000683260f20100000000000000801601261f0000000000000000681160f20100000000000000801601261f0000000000000000681160f20100000000000000801601261f0000000000000000681160f20100000000000000801601261f0000000000000000681160f20100000000000000801601261f0000000000000000681160f2010000000000000080160126bf41e85fba92cefbdeb3b42692d6de6ca29bbfb794fe75e97b913400000000000000009c3632f9a768f8e65391cf1b0765f46f584ffd41da7bf4c00d4be93c617647ec46c02bcfaafdddfc4a246dc4d146bf31da02000000000000008d4bf526bfff69bae3bc3be846c3436be4e7afd243ecb31bcf7b945e55f9dfa1d5ff7a1fadee67e52375dcf8af4fd33b366dcda3ac1e59d6af5b62eb8f73ea66a2730f9ca2a1078668e85f8986551bb3906d8cd4edb5f18e07de49cabc7ab3ffb9ae43c742a0fa90dfc65ca4e1eeda144f0300000000000000000c559a7c69b823a65d7d1e33b539269f1b7bfe79b47e49d63ee21c7fe01cd179e768285a1747b63152af6ccbcdafa67f9b7dbff3c07d74a3fd3c8987f857f4d3e67ff58147c576e5265f3ee1f75f57d7aff79ba7fbf606c03bebe95fd99b006bbaccd36ff3f90362db791be0956745bdebd55372a71ef314ffbcefada407ded17569f413f5302de3f3a41e41a56d040000000000000050982a4dbe7e62cd9f6a6b6a63f2a5810eebb61437f9e53fc92f60f2557bc3fee8363f2b4cfdd3b4fa6659cfabb4fa014125265f1adfc43c6b94d9778cb27e959f1be5a8811665edebeec9e7ca845b532e8d3a37d6b25ed7e427e5923c799f8bfa72cc7ce1369a7c00000000000000004a5393efe427afab3b4fb4d357d82b7d5d5fd69bbcf21e50dce46b8a7e275fdfb8f0dbe2b631a73f6b1e4d4cfe3be2ef8784d1977d78f5e648bf0be23fc90f9eecab27f2bef9cf36d6bc5cfa3500dfd48726df3e99f7df2a887e6e3ee39434f9b1360200000000000000284c4d7f782f7d75bd364ff2a5c9afc593fcf2906d8cd49b3cc9e77d08fba39ee4fffa49d39fb48d2d61f20df6ab02fe9376e773a76e064c3e00000000000000d48d9a9a7cf503733534f9f93f58375a265ffc9df433e33bf9eb585e432d4dbe32d089219666dc1a6ef6cabd79925e0f932f09dae47f2ef719fd5e7d996d040000000000000050981afcf01e7bb53d31dd599f4b03cd3f37afe33bafc20b98e157263a49e34679144dbee987fe2a81dba7a43f81c9cffbea413e31436d9f9a4b789a7c32ae3e178659fe885d25269fd76deb926593bad967ce3ebdcfdd7ad21b0665b5110000000000000040616afb241f000000000000000000a3064c3e0000000000000000d022c0e40300000000000000002d425526ffbcf3ce6ba87f01000000000000008076064ff20100000000000000801601261f0000000000000000681160f20100000000000000801601261f0000000000000000681160f20100000000000000801601261f0000000000000000681160f20100000000000000801601261f0000000000000000681160f20100000000000000801601261f0000000000000000681160f201000000000000008016216af2dfd975000000000000000000004d064c3e0000000000000000d022c0e40300000000000000002d024c3e0000000000000000d022c0e40300000000000000002d024c3e0000000000000000d022c0e40300000000000000002d024c3e00000000c028b3fa91a7e9efe7bc44af47d2c008b2f5259a34e369ba6d7d240d00009a04987c0000000080d1441a4b18fc8640de6c81c10700343b30f900000000a888773ffa98e62f7c941e7c701e4d9b362d13992ef3c9fcb17a00000000503b60f2010000005011d2b8f7f4f498d543be643e993f568fe5a5b9ff42e79d775ec0f5cbe2f98b90d67913fdfc06f1ef0dabd5e7bf637f8f081beea77f66fd797de51afafb194f47c97a92acca9827feeaf5fe473645f33504eb9f137d798e568bbfebde562fb641fab29bcc1cf817ba73839fbe896e8b8c8122f3ed0a5d468d937abd7f0d3db4d5cf531d6a7eca368fbb9f5e0ad2b7d29de34c7a640e5732b78af12e3d34e7699ab4f2ddbaf5bb7c749b4af6d17c0d23c9e78f6dd1fee4cea552e366f1e79c3e4ee2793dd47155abb8b3f18ca6d79bd1deffc8a0ce7fce784bf818b2f38953d6fd3cebb88e1fd35b61f20100000050190f3cf8a059391493cc1fabc7a20cb9bf38568beaf882ba34abe97ab1e0b6c68f1bfbd131f937d1efcc3637ec41de0cb24c7e2575d59d9134f90a6d7c334d7ea6e9ca5a60e79165f22ba92b87cc76e7f45550bff9d06826df187c676e45c640cd45f7336d9858fbcbea8f3caf649bfc7f9ebb35f83cc1dc6ce0c656b7a588d197fdad65cc61f24782d8f9cf1df3acf386fb79f4b8ceb9e903930f000000808a90afe29723993f568f256af28da1c95d386792bf186f66935fe4f3518599fc687acd1925935fe8f30a6964931f4d1f69e2f156fd4f4c95ce136bb363be46c8e4c76f788d565c61f24782f898f3b95bec7c123faeb36308930f000000808a1879936fcccd0df2e97e6ad29dd7fc93f2fa29befd5c96cf7e92afeb4dea60665ca1de26306962dffced007f3f59c6ab3293af1770fab5cc3574db23699964e1689e522a587d2add7ece1698f2f3498f3ca79e2666ed5fb52d52a735eeb7b1ba3317e8cce4fb8b5cdeb6db445b929b0105eacfea57dd4d3e8fb36873522631877cac587de6c9adfe9c9948f579dad7e8feeb65f24d5fd27d32236cc6e0213607d27ccc50f8a698f7f3919798f1084d883f1f72e7db1c112315d79801373177e68187e94ff466134ff3fb934ba526bfc85cd37dd2c705eb5bd63c52e87a6d0cfdf10aea4ac8181b5b575e5c059979f3dacad3ccd856b47f33874beec349cb9f8bf2efe0dc98d397cc79ebc1f791c2e742d6bc703f8f1fd7619f2c30f900000000a8881131f9ca60db05b531e33c8f4ab7e6d9a427e65d1b706b86b24cbedaaf67f8d385ba5b87bda1a0b7bdbccac8c717ff51936f17881cb68873177566216fb6f9c2d15ffcb9dbee22502fa2739eb07ba6c859a09a8575b2a054dbbee130b07ac23a6cfdba6dc97689faf3fa956b7c0b987c670c0ce9a23bb2d8b6dbca04d836fa8b756f9bf7dd9887d8e23ca11a932fea0e6073247f7cfc6ddb3f16f348bfdd71b3dba109c99e0ff1b6a4f18ce098b0483cbdfa1d781f9cfe94a242935f681fe698e06395378ffcf83afb88d5c571cbe61f5f2ed97963c74a465b9d7952cefee53e581c653d49b932f62fe0f34dfdedcc959cb87bf3ca99b71eb134b75d7a3f760efb387df1c752b5233ea760f20100000050117531f9e68938273533be01f79fc80b1cd35fcce4bbe832c93e9cfad27455a767dc25998bfcb29fe4870b525e862f1cddba74b964612a618be0bcc5a844a63b0b6b651ae20bdb5cd3c2f2f27d06fbe775e6d69fdfaf6a4dbe53af8fdf2e5ec66963c4143863ccfa90173b4b3526dfd96f1c3516ca48b0bea9bef276f179c8fee6ed0fe29351c6a4fbf3a1f07c2b81eab7ea8f37065975f03e14198f84fa9b7c272625e791dbbf34a691ba1cc2714ae22609f66bc9a9378877d6b122a974ffc614c7ce6379fb8fb4db9f8b99e7268fdc79eba1ea35f33285c7c13b6f24b89ff3f9cd09cb6960f201000000501123f224dfc137f9a1e9afc8e4ab32625bf12ff4cfacceb04dac4ea71c2376f3a06c931f59f8b1452f5f90ba75990570805e80060b5907bd080ecb9a05a9bfe8cd332d2c6fbacf8839e075e6d69fdfaf7a9afc70ac982189b4b1d4a25cf53f2f76963a9b7cdd86c81ce36320480d0d1b3fdefea00c1fe770ccfdf910c628abde62e8b89b727975f0b422e39150a1c92f30d762f1ca9d47aa0f615ae6f1e6c0d34b1d5f9cec7e84738fe58d8c453ab7cad9bfc4cb1f3d17a6f9745bf3e6a2fbb724fb382a316fbdfc7ebd2159f1743fcf6e4f1c987c0000000054c4e89b7ccfac4bca36f9256e1c38f57975469ee467329a4ff219a5169c323dd314f88bf43c63c4f2f27d06fbe775e6d69fdfaf7a9afcd09cb0324e1bbdba64b9ac312e622aeb6af2cdfc9a23f2f2bea9bef276f179c8fee6ed0fe29351c6a4fbf3a1f07cf3c98aaf534e8f49ba0fd91e9de6ccc522e39150a9c98fccffe0f3305e99fd94a87667c528525766bafe3bf73848c8a93718b3ac634552e9fe3d54bda66cdefe23edf6e7a23336415d29326f765c5db2c63cc53b6f647c0e930f0000008011a1114cbe6bc2757a6afa8b9bfca48caa8fefc3adc37ea5406ffbedd179a38bfcb24dbec9932c32f502d596e10b47bf2e7f5be58d948be22d6c9d36f88bde3c63c4f23afb74ea307d2a587f5ebf728d6fb526dfe44916f5aa9da68cd346bf2e6f9b9b91bcd859ea68f2799e707cfcbeda763293e4b4df334f5e1dee38e998c4e74389f916e0d5a530738a7f66da938c83d9766e6614198f84ca4dbe9d0349ac24aa3d19b154e4cca320bfceabb7637571dcf4fce3cb259a57c5dc6dab339efed878b128bcff60ace43eed76defef3e762da079dd7afcbd96fdebcf508ebf5f1f693f1b91f9f52c0e403000000a02246e4ffc977f04db5c61a6f8553be88c91769c6d82bc4674e9a97fecf73ef77eab4fbe0e593729c98c9970bcc087c51ae1688e673f52bd96691e72c1ccd623958cc9a72c1e7b90b4ebf6d6c31ed9bae60b1cd6079fd7da66d136557b23a0bd49fd5af6a4d7e5a27c76f8bf9dcfc2ab85a7c7b6db4ed4bc690970b3ecf889da51a93cff6c991fbd7e97cdf3a06aa6d660cf8ff70909a0f660a83f6b338fabf9aeec4c0fc723f9b0f85e75b14631c93f26cbf1c6f1c52ccfeb2d2a3c74a15265fe1cf39dec70c63eeb5cf4df7ea4bda9c515742989e7d7c853879b9f974daeacf71de563dcf2adabf9a1b695ea78f79fb77d2dcb9a8f6ed8fb717776ec433e7ad47b45e071d13987c000000003404f3173e4a3d3d3d66f5902f994fe68fd5d35c642ff07329e7d5fe76422ed6cb58b86653a9c96f602a34f95551c85897a294b96c20b66ea2d519e62c9b6a4d3e00f507261f0000000015f1ee471f2be3fee083f3d4abf859c874994fe68fd5d3d078e65cbf3550815987c957a8a751de93c6fca75c4581c9af09ed66f22b02261f343e30f9000000000039a8d7f79357f22b788a2f51265fd7511773d63478af16d7e2297ea9d84ab35ccdd88d02c99ccb31f92a3debeb219502939f4f89b9943f6e008c145b61f20100000000000000805601261f0000000000000000681160f20100000000000000801601261f0000000000000000681160f20100000000000000801601261f00000000000000006811a226fffd3d07a399010000000000000000d0b8444dfe9e8347a399010000000000000000d0b8444dfee0e9a16866000000000000000000342e51932f75f88fc7a305000000000000000000d098649a7ca9a1b35fd0c79f1ea31d7b0f450b030000000000000000a071c835f91004411004411004411004358f60f221088220088220088220a84504930f411004411004411004412d22987c088220088220088220086a11c1e443100441100441100441508b08261f822008822008822008825a4430f910044110044110044110d42282c987200882200882200882a016114c3e04411004411004411004b58860f221088220088220088220a84504930f411004411004411004412d22987c088220088220088220086a11c1e443100441100441100441508b08261f822008822008822008825a4430f910044110044110044110d42282c987200882200882200882a016114c3e04411004d548a74e9da2679f7d96e4b515806643ce5d3987210882a0e6164c3e04411004d548d2241d3c78d06c41507349ce5d3987210882a0e6164c3e044135d5993367e88d37dea075ebd63535b20fb22f10548e704d859a5d98c38da156b99682fa81750a9427987c08826a2a79d1f9f4d34fcd56f34af641f60582ca11aea950b30b73b831d42ad752a87ec23a05ca134c3e04413595bcbbdc2a6aa5be4023235c53a16617e6706308d71fa888304fa02cc1e443105453c1e443ed2c5c53a16617e6706308d71fa888304fa02c359cc95fb468113df4d043346ddab44c64bacc078db076ac11b17f825e3d6ab6212822987ca89d05830435bb30871b43b8fe404584790265a9a14cbe34ee3d3d3d662b5f325f61a3bfad8bc68d1b9741176d33d94654499b3aa9e7f036ea32ede97ce277d4a93e33f932b4ad4be4ef1ae196c3e4430504930fb5b36090a06617e6706308d71fa888304fa02c3594c9974fe8cb51b9f99594b9ae8db1afdc681fa69e4e61e88d933fdcd349e33a7bc4a76a03261f6a6ac1e443ed2c1824a8d98539dc18c2f5072a22cc13284b0d65f2e5abf8e5a8dcfc4a0d64f26d5165f2cbaca7994cbeea5fecc6851c0b7b73a366726fa0d457fa0d8cb28781dfc8297853a79954e482f3f69cb13476aca593d6f039f5f61c9616491f4135dac5531f4be2d8f731c7113f2f8cd839a286e7542d760c37e1f1917b4dfd743ddd39752a4db5dcb99ed2dfcefe94d6df3995ee5c5fe75fd37ea75becbb9bde319bf5d4a7ebeff4fa0859bdd32dc6bf3b631446708c62ca9dc3ea9864e71e87f8b13a2aeb955a29ebfca63eafefb9a9bcebcfdb34475e2fe7bc6db61b40f25a5eb23d47694de7e85de35b4130f9509660f2a59c8b163b69070bccd4d4398bedac8b97da97add71a4fbd804d3ebffe3f591ed1ae8c7dda3c7657faa2d9c3eaf22e36b97deaa22e599ed5574855997cb13f7f67323e30f9de7837bf4a5d708eaee9a4b19d6bc4a59d6d8f9d2396286cbb41162a0d69f2738e992c935faa5c55ca5a0457ac1635f9cab84d25eeeb94d14b4c304cfe68c935dcef50b7374e45554e7f9bd6e473153c3e5bcfe4cb7354fdcf4b655d7f94a19e238c7e7a2d1d5dc99b0e05db72740d75b23501549e60f2a12cc1e47b464d1b52931e5cc0dcbcf9172e99979575f6eb1a516701eeecd333ac2c4ded9bd5afb69345bc673ef9be551d159ae06a4cbeb820cafd3ae192ed6a7793df822afb82232ff0ec69bd7ccadf5987dbfaf3e6cda313274e98ad54f2b3acaffe349bc9e76a0993df848a5f53b30c3c379430f9a325987c57b536f94dad9a9fdf8aabf8f5473e0d1f4b73ded6ffd6e3fa59aee4cdfa72da21affb8df412c268a915d62950e308263f388133e3165cc0ca31f9ae9c9b07de2236d3e4e75c40fd7d3b7504e659ef2fdea7325495c9efa16d4e0c848276eaf8eab70fb879b6f1ea49d36539d517b69d9757a5e9b8757675e972c9e759fb8d48cd179357d4c3e783941a97243da3a2bc3176fa24ea4fe689e9976dbbc25d78e83966cbf2b8eab2495a6607d93ca942d5997cbb5851293593bc70ca57ffc78f1fef5c40e5dff2339926f3f86a3693cfcf0bc9df7ccecab26a8e856ff364ce1f759ceab9187d3d55d5cfe6229fc35e7ee7f8c8ec873d8645ea681f1fc139aab4a2d754f59afe9d94efdfadc95faf4ca67ea5df357aca44da346e26a529bcb39bba45f9a96c3fca48dafcd6501a03b99ed5e5de58d026d7a6a53e54b7afbb5b9667f539d27974d93b455ed7f43aede1f130f151f96d3aaf5fb539522ea2cc1865f4cbc9dffd3a6b7f469e2c13cfdb98e4e1f190a4e3a94dfe7a96cec6da37f9ced73c4acda3ea5595c98f9c5ff879492af33a59f05cd3c38e655edc393f38759b6b9b383f04fb648ab6ab8cf39b2bb9aec84b2fadc2d71f750dd54fcdfd37e5ec35951b6ef575397691d56fd389cf24b6ac77f35d3f99b7d76653e79c39228f29e73cb597e9fe2bf8e6eb0406ff1adf486ff08d965a659d02358edadee4878be65a997c77e1d8294e78e97ed922566ef136f07dfa1717267fdfbc0e6731cb882e9acb519526ffb0d76fd5bf24f691b4a49d36963616c6943b31b3e362f37a654dacf4459cc7d4db6f6e7cdcf1b77176b6b3fac3c5f7e1eccf2ba36260b76dbfdc3994b510e1f343b5cbe633e592cd3aa8dc0b8e5a70248b12772120a9c553097991bcecb2cb9c0b28bf70ca347e51b56a48932fe7be437cdc8339e01d2fcedccc993f3a2d67ce3865dd63c449937f27c787dccc383ecc1c55694d787c44afa9be698bca1a429bcf6c5ba7e9d5f10e7f126c0c26f7c5ee53655d9732f3266f62ecd5b6358e2c9fdae437274c7bb24cae90bb4f63aaedb6dc0f2bebb4df9a586f5b6fca7a98b1f5ea71a4fa128b515ebfbcb69876a79b59758672fb6fb693bc6e1b543d6c3f6a9bc72ad9677e7beaa1ea4dbe7b6c679e8b328ee9cce3cfa4bbc7b57b7e480fe5f0dcc1cf3fbe32dbe59c3b72ce6f7550d1eb8f6b90e535941bec12265ffd064e6ad093b402263f2d67b66d9deca68396d786a06ea1a04cfba955d62950e3084ff28393343b89071730f704ef2c847de5eec7bdb0850b70b3cfd805d4c8dfb75387dc57d6c52ca7ce92aadae4ab8d74ffbc9d41bb788cdc7885db7c5c749a332e2cf6c198a9fdf2f1d779d2ba99fc318dec9757edf48f8bf735eb6fa5bc18b87d09daccfaa5e2efd45b5f9573c1d14f10d8c55e5de8d95d7e7fbb0af917d052174ea98634f959c7b6903f27ecdf99c7a051defc1189debcf7c4d38339cf8e0b95cf3b46a26273bd098f8f6a4d7e62448594f133ee4efecdd3b451357506f5877525f2f372c3cbeb344af79b53a75298ee9bde543a6f62803dd32df6ca8cadb95990b8dc6cf17839caed975fce35d5b971f794dd5f295dafb34f9e97c7808f91fcdba953c7ae40382a56f5263f3cbfe863919d0facf839a3d0b926eb1ce0c9c99b934fa9543d05ce6f7550b1eb4ff8d45c1af5d4d4e79b7cc7f07305463cf2243fa34eb1e1be4d1031f06e1b8582fdb5a75a619d02358e60f2c55fdcb8eb059f4dd769c9895f954df3f24564a0c80526add7bda0642fc0fd0b4fda567fdfeee2dfed93aed36cc72eca45550b932fa4da2eb7f905331817de773f0ed97109d384549f75ddc19899310de0798cfc7ed87de9acba0d615dbc4f467c0cf8df65c580f745a785fb4ec759cfebf0f37aa8e8052730f819ca5c8454207e012d75e1946a0f935f62fe04f3d2134b77e7594a326fbde32d729809b1b9de84c747f49a1a98d8984293fc4e623e8d299666d721620a95bca7bf5c79265fa545f6c3dae0185e47917d7283aaf663ebbc93ee2c6cf2a5f4b6db1e5f39edcbed974c4eff76f75d22ee9e0293efec57f7d931f94e3fe47ec3f154753afbd6648f43f5aa9fc92f719d2ce35c6325ebb6c7bdda8fad53fd0e906d47787e70e5ad99b8ca39bfd55885ae3fc1ff4663719fb2c70d799896a896263fab8dce75dd7f03a17dd5eceb14a871d450267fd4fe9f7c7551b2276cf7e2e49cd4bbf4afd92717025597f83cbae8e60b4b51e7367ee1732f38f90b70f7a2e85cccd815c9a943cae913bb08c52eca455523936ffba4be1f57c278e876fb17687f9b5fa0fd342136e67edcf47e7316155cc1dc09f7cbabce14ef6bd6df4a793170fbc2173aa5a4ca45e76c6d54e482a30d7eb157f3823bfe55ca5e404b5d38a5dac3e497983fb17326174f977f179c5baa4dd17ad95c6fc2e3237e4dcd32a0fcf330cf3bcc08cabf338d1d33855aa50c6f86c9577ff37ab872ea540ad3b9e9e57d9172b64b9a7c2673b32096e6ef23516ebffc72eebe73e3eec935f97e3cdceda0ad3c067c8ce4dfce93fcfaab7e265f1fa7e6b00c55e85c93710ef0f7eb6c87e7075739e9159edf6aa122d79ff8f5b1b82177cc39579d9fe407c2937c47cdbc4e811a470d65f2172d5a443d3d3d662b5f329fcc0f8da06a66f285d485932fa6bd8bac7331f72fc0fe7668b6d38582d9668b7dfbb756bcaee8c5de4f337db0d5f9fdcc340b7cf191b71031f5eb6dbf9da67ebb7395375d1c7103e5f759a53931a8ad4a5e70d45dfd8c8bb94a638b81bcbc55485e344b5d38a5dac5e4e7cd1f3f2d9093ce8f4521b52fbd1db45d968bf685cdf5263c3e32afa9cab8b9e6543fa5b5e63334c98e11f4ccb953d637ee42aee16475f9791d83edb7411b5ebd1db6cf57ac3f8ec9b7ed31463de99bd3062966b4a3697c9b291623b5cfbc7e99b62503e39afc689d5eacaddc989bfedb8a543dde3e593f9cf838fbf4da6362976cd741f533f9e6f862c7bd4ab3db85ce35fe39c0ec8b9d6b7492a837ebdc1151b45db232a74dd9e7b77aa8f4f527fbe97760e4fddfbde1869c5d73d50d789557e74b8cbcca57d0e407a6decfefd52d55e446409ba959d72950e3a8a14cbe9434eef209bd7c153f0b990e833f0aaaa5c937175df7737d0155e6dfb970fa17687f9b5f786d5af6afeb870b7877bfb90b7c7351d7f5ea5f01e6d9f5c2c292b158e18b207f41c4eb376f8ee87e868b14bf2fdab8d87df3459689759296b588d2f9f2ba5f44a52e386a312017191e767d601713c1e7a3a05631f9e9bc1263efcf39a3ccf95368e1cdd2f91c16047336b60f476cae8ff6f121fb9613ef9872afa9d6dc5a124328159ae8771cf3694c64529e195ddfb81ba9f2febefcbc19063b2997bacb92265f8aef53fd12bfdd2fefbbf8ec1d6e8833da90ecda18644b5e1bdc18f19864f54bc8d66fda63fb60f79319775f491fcd7e79bbc5fef878eabf2bf975fdd26350adea69f2a5dcf38077bc1538d7d85fee97f0eb15afb76b5b6c5d907f243bedb2c77d19e7375772ff59e7b8622a75fd490d7944fc06b932d063cd35750ead91e5d88555bf5997a6db14e7f3396b94512f64f255ba7ff3c1dc5c48ea732fec6a5fa379b16f62c1e443596a38930f35b02a34f950a5aa8de91e69b5d2050717cf4656631e1fb8a642cdae869dc3a56e02b4989af9fa234dbbf3a43e57faa6013c7e65c23a05ca124c3e545c30f9759677e75f2d68aa7b12301a82c987eaa3e6383e704d859a5d30f98da1e6befec827f7055fbf976f1a64bd91009514d629509660f2a1e282c9afbbdc578a9bef29be144c3e542f35c3f1816b2ad4ec82c96f0c35fdf5477e65a0e4e3f9d8abfd5039c23a05ca124c3e545c30f95001c1e443ed2c5c53a16617e6706308d71fa888304fa02cc1e443c505930f15104c3ed4cec235156a76610e378670fd818a08f304ca124c3e545c30f95001c1e443ed2c5c53a16617e6706308d71fa888304fa02cc1e443105453bdf1c61bf4e9a7f5fd2f9e4642b20fb22f10548e704d859a5d98c38da156b99642f513d629509e60f22108aaa94e9f3ead2e3af2ee723323fb20fb0241e508d754a8d98539dc186a956b29a81f58a7407982c987200882a01ae9f7bfff3d1d3c78d06c41507349cedd679f7dd66c41100441cd2a987c08822008aa914e9e3ca94c92bcb602d06cc89b54720e43100441cd2d987c088220088220088220086a11c1e443100441100441100441508b08261f822008822008822008825a4430f910044110044110044110d42282c987200882200882200882a016114c3e04411004411004411004b58860f221088220088220088220a84504930f411004411004411004412d22987c088220088220088220086a11c1e443100441100441100441508b08261f822008822008822008825a4430f910044110044110044110d42282c987200882200882200882a016114c3e04411004411004411004b58860f221088220088220088220a84504930f411004411004411004412d22987c088220088220088220086a11c1e443100441100441100441508b08261f822008822008822008825a4430f910044110044110044110d42282c987200882200882200882a016510d4d7e3fcdbe7c268d49e8a63e9352b68eaca58997cfa5e547cc36044110044110044110044125551b93af4cf94c9afdaed9967ab75b997de7b31cf52d98496316f4eb0d987c088220088220088220082a5bf9265f99ed524fe40fd3f2193369e2bac3663bd591757369cc8cb554c4ab3b261f82200882200882200882a0b255bdc9cf7beaced3ecdfebf4137e89bd31a06e0698cf94d10fea74bf0a90be1d606e302ce816f96d3a6bafaa27560e822008822008822008825a4fd59b7cf55a7e561e6dce95b9b686db3ed937dbd67867bfaeefbd29a0f6e7a6a5fb37dbaa1efd7762ec8bf405822008822008822008829a5811936f8d7348ec95fc724d3e7f9ace8d7da6c9770cbf1437fdfc6fadb41ed38f825f1780200882200882200882a066d7c8bfaecff2a9d7f44b99fce0264251932f658cbebd5101c30f411004411004411004b5b046ee87f7545d23f924df977eab20d64e088220088220088220086a05d5c0e40b450c7cf05fe8993cae914fd3334dbe6fe423dfc98f9b7cf65501259dd7692304411004411004411004b590f24d7e59727f013ff89ebe31eeb317a4bfa4ef3c55373705d4937fc7e44bb975fbc63df349bebdb160893ee187200882200882200882a0d6500d4d7e0905c61d82200882200882200882a05a0a261f822008822008822008825a4430f910044110044110044110d4221a39930f41100441100441100441505d05930f411004411004411004412da2a8c93f77ee1c00a00dc0f1de9cb4d3b8b5535f6b0d62d7bab4d3d8b6535f1b01c47b7441fc41298a2a6af2bff8e20b00401b80e3bd3969a7716ba7bed61ac4ae7569a7b16da7be360288f7e882f883521455d4e49f3d7b1600d006e0786f4eda69dcdaa9afb506b16b5dda696cdba9af8d00e23dba20fea014451535f9a74f9fae29d52a562700a07a707c3527ed346eedd4d75a83d8b52eed34b6edd4d74600f11e5d107f508aa28a9afc93274fd60ca9eb6e58591552b1ba0100d58163ab3969a7716ba7bed61ac4ae7569a7b16da7be360288f7e882f883521455d4e49f3871a26648c58c7b3948c5ea06005447d6b1f5fa833369cce55df4bb3d61da8913bbe877b7caf405f47a901663034dbf5ce62fa74c8dd9b38226c8fd3fb8219ede64648d5be360e788246b1e15a3f1fb5a077a1798d8553767473576de31977f4ef1698073468353f6d87ae3f1d1da2e15dfe9bd32ddc4fbd615f4915fae6c6a3f7665f73582dbdfeaa8655d35879d3ba2e905a845bcdb96118c7f43cf4307ac016b4d51454dfe679f7d5653f2c48d7c9662750200aa27ebf8dafc883c19cfa5a5fbc3b4cf3edb4b4ba7cbf44769739016b273cd5c75729ffdaedcdb97743692a7eeec5f4313e509fe91de787a9391356e0dc3a6856acc27ae3b2c5afa3ff4c5e9489e82347c5f6bce87f4f86df2f8eaa63ed9f92fcf46f214635463e71d73f9e714978638673438658fad371efb9fd7319ef9964cefa599326dfa1adaef972b937a8c5d665f773d4d573ef0463ccdc3ed6f75d4b2aedae29e3be2794a9319ef3665e79a7be8b64df13497918d7fb9f330ecc71b74db2d4fd34e96a71e600d587b8a2a6af2070606722992a70852dce4c7f2944badea01a0d138efbcf30a132b1f23eb7819fa52a69ca3e19361dac0c047b4c498fc4d415ac85e7b21da164f1f114e0e8bde087d39144f6f32a4629f370cdb1e55633ef1f98fe2e965d0f07dad39e51d5f798c6aecbc636e9331f94bf646f27a34c439a3c1297b6cbdf17063bc2531f97bfd7265528fb18bf6f5c3e574856cf3235bc2b408b56c57e3cecfda9c3ba2f16e533e5c7d4f19633db2f12f671e86fd789d6e15dbb538e64bd110c74b0bae018b286af28f1e3d9a899435e5b1f47290e2263f96a71ca46a5517008d8834f077df7d7726323d562e8bac63e5a5fbe585ea1eeade613e7bf311759256dcbf32b9906df4caf9ec58a52f2c69d9d7a29fdff2262bb7c32cde4cdea3475fa35be4f6cdcb698793fe88fefcf247e8a5e4b3e5d47db3fc4cc2da9f556782a8437daed1fd4f89b62f92e6c7cdf6d3e6b1e9b7dcaf3fb7e5ca25366ec9be56b1f6d99879792c69dbdf37717b84ba791e112f1e8b2b56bd9fd495099f2b12af0de592db57310792fd24631b493769ceb83aed4ae75837cbe38cbb3f677879d3e72b44ecd33c621ebcc9e78a3bc7e2d8714871db501eb1d849b2e2109d43b2dd7c4c9db8f9edcd3ee6365a93bfc7968de3cf513eae2025185b136f7e8c26e329e790371e7becc2bb5fe6dd9c98fc3db63ee73866e39a43bdc62ee86be6f9db9b8f6cff6e7f0539e7f1e0fc2189d475f56dacbf5e5ffd5844ebcf3957679fabb208cf1df17ca509e32d30f381f7c35ecfecdcc86c7332f7d835dbcf2f70ce7599e353c1b5aac858c7c6c2bf96e5cee73ac75fc1e7fd23f4843fa7b3e67fd08f67bdb6da31cc3e7e24b9e39541d63921eff8f0cf55fcfaacc625369f92cfda670d58445193ffc9279f4491e2a63c96a71ca41ab93e001a912ca32f3f8fe5cf23eb38d96016e48bf7c8ed57e86679329bb1968ec8026feba7b4d2e46f8894e59c387b8e8eacd31722f5aad617a7e9dd1577a7db52ef76abedcb576cd7e5f6ac36af556d36f5d805e86afa88a78bfd6f51157c41a7d9679be5edda236bf5f683af44ebfcc37d32af791ddae6bdcfe47dfd61d6bec3b47c86ccfb30fd41a6bdb7942e977917f4cb44d3b7bb69e17bb29d7edc3ea18f9eb317619e2e1687cf1f54e5d5fe2a2056d6ee6bccc3bdea8eb58dfbf4d7757a7edc77d16275e36626fdfc2d59daf67b265df5bc7ce5de6e77257dcde4f41749ddea75fd7367e9442c5f41a4fccf92be3eb255a5fb73284817f34e8ff95c5aae26713fcd96e976cced1c93637788a5dfb694de55e9de3120e3a1e265e645bf39266e5b4daab8698f9c8faa05763bd95f1627e8ec391b6b3d3fbf381dcb570c29ffb3bc3864cda131b7ad51fdb6db134c9c9de3c8d675ab899977ccf9c74616b173462c5fbb23e57c76623f2d53f366819e939f6ca7dfc95787c59c3d24e790371eeeb9c93bc79a73a0feba0d51df0259af99eb39d46beca4dccf4ed317f6bcadcec5e21a20fabb502deeddf3ba7f4e50fd2d711e2f7c7e99af67beedf3cd85ceb5d9c7993d57e79fabb208cf1df17ca5910a3e3fbd353827de2eb717f4d1d91325da1cbb66577c9d2df35a5574ac636321ae6576bbf47cae73fc056e8cb7d2cf65bb05fa18ce99ff413fce8ab69a3152d7b473620cf38f9fdc75510e5803eabed7630d584451937fe8d0a100296ba0ad892ea2585d16295e5f2c8fa5a8fc36c6ea02a0d9f18dbedc8ee52b45d631929ca8768bedd7ccf7ab5fd847c765faa98fcd494f987caf5c8c5dbf3727b93eb9fd0e2db20bcf53268fadefb615f48edcde6d4fc69b4c1d9b9213fc2e9ebe602b9d52e991cf8e6fa159aaccaa689df6442bb969f390bab8d317a7745d7df62686e0376fd2904e54f5bed3a37fe866f6db3aeff18f7b54bd57f5bcc3ea357113db6edfd3f4651f1fd7fbaa1029ff33bbafa46ddbf485f3ea6765db4ac57da75938cda5a5fb64fa71da349fb735ddb67dcbc5c470e2ef77c6d3cba0485f0f9db20b503d8782f4432fd30c993ea3873e3e2eb74fd116655c16d23a956ee65892be8796aa39be905e93e9e61898bd7d481f03221e43db757c67bc26b6ed9c99bf45a7ef33dfffb3f3d16e27733a0f3b16c58eaf3cc2d8e5c7c1c66de2f37b547e3b87ecb19f6c9b713df585dcc3c7f4e44db20e837f9c3ac75cb1f9e31f3720241cdbe3f4f10b3a6e6a4e6e5f415789bf93f3b6371e6e8cdd73ecba797aacec79ead4db6caeab7d65538fb10bfb2af0fa63fb9b5e03f6e99b1ede3941b6abd479dce62d7a7e29ef5c5baa7ca973551eb5397744e39db4a38b166d17dbf69ca8fa50a2cdfef55962cf9992b2aeb3e55dabca1d6b772cdc7923b7f3a967fcc3181f32e659b5ad8cf9afebf3d65525cae78d57d8561777df5803f2736ba51455d4e47ffcf1c70e52dc3c9783945f9f45aadc7ce52215ab138066c71a7df96f2cbd0859c7c79bf644b5eb637aeb197d929ab5ed3393fe6172217bd32b1763a73dc96d95db6fe8bbcfe264bd33c963eb5b48afcaed5df664bcd1a46f4c4ef0aa4c905e7e999387cc9d5bc6f8656fe9b2270f989b188c9b96d05b22cdf625e0e13754591e37b9edf63d4caf94d8b8f9fbfa78ab35da1f8aed5271b77f77d3a6cf74badfd6b2daeeec3b925e0685fafaf147b4448d999e4361ba990f0173e989b7597a121f778edb6320ad4f60fa78f53362ded8fe3eff914ef3e7636cce6652def1954718bbfc38d8b825c7ba3f8edef6f3bf31e5e7cba71ae6c950c63157cefc09c70ff88463fb317d36d4a7c760de7a7a6b8d5c8ccac5a4194b6f3cdc18bbf35f8f55889aeb665f59d463ec627dcd3cc602c27382fd3bc09cc7c33e9438bf38c745e96b5c7ef952e7aa3c6a73ee88c65b60af9b57ad798b9e573782ba69f3499956a2cdb1f35fc5d7d9f2ae55658fb5778e0bd273a963fcdf5e4957cb76cfdf429f99cf9cb69531ff759dde35af44f9bcf172da19c1dd37d6803cbd528a2a6af2f7efdf1f20e59be7228ad56591e2f5c5f2588aca6f63ac2e005a0569f0639f1725eb18b127a2a776eea763fde6cef633fd26fd037aca5ec8bc72313e4c4e7272db2c96a6afa20f933ca6be196b68afdcdeb92a3919eb747bb2366582f40aca1c3ba3efdc0ad957c9e4f7a41e7e4b963d466792c4f44270e5d2fea42fc96b6656c32755bd3c6e72dbed7b985e2952fe67febef6278b950fc476a9b88763eab7b5acb63bfb8ea49741a1beee7f43bf3a6ae650986ee6837a3591eb1c9d39c6d293f8b8f1b0c7405a9fc0f47156ffb1b0bffe7c8bcdd94cca3bbef290723fcb8f43fe1cf2b75f344f96445d6afee71f73e5cc9f70fc808f54f8f949da6c9eb65ea99e96f5d00135bf05de78b83176c7ce8e957e2d38d5b93362ae27fb8a538fb1930a3ecf3ac6cc6bb4a986e9a448e7edb27f679dc7c33e9438bf38c745e96b5c7ef952e7aa3c6a73ee908a7dbeffd85ef374f71efddf912de855b12dd9e6e8f9afd2eb6c79d7aab2c7da3be705e9b9d431fec7369b27d32b699bf9cc695b19f35fd79971bece289f375e4e3b23b8fbc61ab0e875308fa28a9afc3d7bf64491e2063a96a71ca41ab93e005a9dace3e40d7b22fa506c0ff69a571597d35699fee27c75d29217b237bc723192935cafdc1ea003e695d25b5f34794c7d135fd84b03727b20bd98e9fd99ff77569eace5f687e9c93ad94ff0193bc107e95b69de8de2efcbe7d133226d409ccdf5774ebb69e3c01edaba788edadf54d9be01712130df179bd53f400307f4ab5963e6ad53fb71f2cafd981fc2b97da3dcde4a8fc985b6d8d67df7e22af357486cdcdc380b7aed626587d82e15f71dc9e2c48ea9dfd6b2daeeec3b925e06797d1d73eb53ce1cb1732888c59ec1c4fc3cd627b7d7d15459fe4653de9f2f7e3cec3160f727e7d0ad32bd9b360f8a6dbfbffe7c8ccdd94cc2b1a8943076f971c89f43feb689d9e50be96591b675b17e8d31eb382d67fe84e3077cc2b1d50c9a57eb25b3b79fd1e75489371e6e8cddf96febb86af55695f799b9b2be39344fcd997cea3176d1bedaeb843da6068c01bd7c813aafefe97b8a2e95e973f5b99ab7abd479dce62d7c7e29eb5c5baa7ca973551eb5397744e3ad48fb268fe5e58706cde725da1c39ff557e9d2def5a5574ace36321cadb1bbc85e6733de31fc658fd3abe6d5b89f91ff663776ab6e57689f279e395b6318e1b63ac010bafa37228aaa8c9dfbd7b772652d644c7d2cb418a9bf2589e7290aa555d00b40359c7caeb0feb13d1933be4f6093acbee668e7970b57995e9517a3d52d667c7b3faa4f7f35ebd7df4f497eccea946de15fdf2f45153e6047dccd22f5dbbdabc06bc8a76c8f41de664fdf086641fe1671bcc2b61b13247e9f497e98ff568e453abb37442e48db54ffe00d5d913a29ea3a7e94b1e0b9ea6ca9aef6e2a1ea127cdc5ccf6dd8d6be5c4c6cd8ff36ebb5879f67db59d1ff7f7e949b338b163eab7b5acb67bfbae86bcbece7e6155fa2bb70bfa933914c44270e2acfd01314b37f57d799a8eaa746fbe04f110c7807d1ddd325d3eb5d27326e8af3f1f63733693702c2a2516bbbc38949a43eeb6888959fc681ea5d9aade85f492ccebf5b99cf9131b3fe0121b5bc50973434ade8032e72585371e6e8cbdf92f278933b6f25cf1259d3ecaeacba01e6317efeb09637a2473e8c1dec8795d3e593e7b42e577da55e23c6ef3163ebf9475ae2d5d3eff5c95476dce1df1786b8edaff6f7cc61adacfe6436e9b23e7bfcaafb3655eab0a8e75d658a4c79360da93b4457e96497de37fe22c9fdf0b68b1899f6e7bfefc0ffb7194f627376c66d20d7fc82f9f3b5eac8d31fc18973a3eb0062c4d51454dfece9d3b732992a70852dce4c7f2944badea01a01dc83a5e3e17176c71caa5d347cc6747c4894de5163a7b5a9c20d51ff4b9572ec6119d99ce7e1e7e66c5d3fcf42f4f9f167b527fd011996edb72f6f3b44cf0d9e725ca1c317db0627d15f8edfbf2f49124cd8985909366f7ab74964e7b7d0fe25a2152fe67419cf5ce9cf665c7ddc6231d53bfad65b53db2ef4a91f23f7bdf2e1afaf9bc4ce743100b836996119fbfde7c89c4c31d5ba124afc0efaf3fdf62733693d8be2b432af679561c4acea18c6dadb374566d9afabc3eebacc5e64fd6f88114a9d8e7e93cf5e68f371e6e8cfdf92f702749e1b1a8c7d849c53e4f9b68e795775e67fd09da95731e2ffbfce21f172c8f158f4791f26ef88b9e0b6a73ee908a7daeb071e373c590d9e68cf39f1f23deffecf1a9e05a9533d6a5c7829df7237d76a977fcf9fc0ed71779f33fd60f1e7f5d475ef912e395431063f699154ff3d3b1060c29aaa8c9dfb163c78820c54d7e2c0f00a07ee0b86b4eda69dc627d7dcf2ec237bb9f039758ec406bd04e633bd27d6df7f3cb48c71bb820fea014451535f9efbdf7de8820c54d7e2c0f00a07e547ddcbdb988be271643724114e3a7bf8f94015553f5b855c59bf49ba9f1f156cc793652a672627ddd6e7eedfee79bdccf9b8115732231b34c5d446f44ca544a2c76a30ece19356154c67694c66ea4fbdab0e797df3f10c43ce52efacd9b91321530d2f16e1a10ff109ccf4785a28a9afceddbb78f0852dce4c7f20000ea47d5c7dda193ce6b4bbe868e45ca80aa918a7d3e321ca293f9831e29533952fe67874c039a717e1d1b524d8febcb93742852a652a4629f8f2a3867d404a9d8e7756594c64e2af679bd68d8f34bfec9834e1e8a94a900a9d8e76d0fe21f82f3f9a850545193ffd65b6f8d1856b13400407dc1b1d79cb4d3b8b5535f6b0d62d7bab4d3d8b6535f1b01c47b7441fc41298a2a6af2fbfbfb01006d008ef7e6a49dc6ad9dfa5a6b10bbd6a59dc6b69dfada0820dea30be20f4a51545193bf75eb5600401b80e3bd3969a7716ba7bed61ac4ae7569a7b16da7be360288f7e882f883521455d4e44310044110044110044110d47c82c987200882200882200882a016114c3e04411004411004411004b58860f221088220088220088220a84504930f411004411004411004412d22987ca5c3b47cc64c1ab3a0f87f4b00411004411004411004418d26987ca977bb61f0210882200882200882a0a657d5267fd1a245f4d0430fd1b469d33291e932df48e87fce0dd147ab27d0e6fb2fa48d73bf433b967c93be3c7dd4a436a7c68e1d1b254bd75edb6bfe6a6d7d71f4281d7ff659da7ffb74faa8630aedea984c1fdd7c031ded5949673ffdc4e48220088220088220086a1f5565f2a571efe9e9315bf992f946c2e87fb0f802daf1c4143ab36f130d1dd8429b7ffb757a77e97f99d4547d0b66d298cb63cca5e5474c2647fa95fe89eb0e7b7fd75fbdbdbd0159265f1a7c4b9e8eac9bebf4bb567d51711d81b7224ef7f7d3fe9b6fa681fbeea1a1d7d6d3d9777ae9ec96d7e9e4daa5b4fffa6be9bd1fff803edbfca6c99d23f916078bc398196b293afc75d648c50d1a6d1da69ece71d4b5cd6c42656b5bd7381a870056a4fac44ecfe9ce9ec835e4700f758e13fbe474f68812a320d5964e52cde47f43c5d57471db465d6ceeb953bf789a84cf6f751c256919f150b1ea123565685b9728cbd3f571c4f7698fd5c33d9deee786cc36b5cbf951c630e77c123bdff138f961e2710ece67fc5c16d9675ebd1024351a73a42a932f9fd097a372f397ab8f5ff81b3ab9fd291adaf7069d3d204c9fe0ccce1769d3bd17981ca9ca3755d926bfde062d66f225592a65f0f50d8e6eea33db44fd34bb46467f24ccaa34f8fb7e723d9d787a299ddbb583865f5841c38beea5e10577d1174be6d3971b5ea04f6fbd9efafef3623ab6e935532a2265f0dd9b3aeae6c728187d98fc7650ba88c322a072c5166e5031d527767193af1734a101b20b9d111f4298fcead5547133e75b3bd19cb67b7356196ed62f95376ed0951164264f1b432faf2a2fe77996c9b7371178bafcac606cbd1b046e9b74dd81496d35a918881866997c9bce4f343c6e5e0cf59899f807f39ccf97c8f92eaf5e08921aa5395295c997afe297a372f3972369f087065ea3a1fd8b69f78a4e3ad9ff84429afcad0f5c6672a5aacee4bb1a0d935ff12bf947d6d2c4d8db0acaf072e3df9892afe81fb8e9661a7c6a119ddbb99d861ffe351dbff776fafc9e5b68e8fedbe9ec6f66d0d09c6934f4ec623af0e36b68ebe4cbe8cc27874c695771432f6f7864bdcd014115ca2efababad4020c1e156a1d858b5e65e4739eb08dfa423858c4432d2735c659734c1be1f43cec6dcbf999377fb9bcb9649f067789737dd61c97793a3bbd9b03b9ede5f2db2e9beb9ad9fadccc6b1cd91b885d5dee0d9754f29c24639c17177ddeb29bfecd1b993739a7f9e70b6f7ee4d50b4152a335475ac2e45b83ffe5c91e3af5c1641aecff096d5b309e762ffb196dbaf7bb2697ab42c65c1962914fbdc6dd4db3234ff29dd7de6d7dbc9c631875b9d90bcc2be2056f0cf0efe15b835fa9c92ffea45a3fddb77d9bfdaef938e9fbda349dd5e7c7d5890fdfafbca960629afd158950c79f79868ecc9e4e5f6edfaa9edc9fb96f061dbb732a9dfe45a7c3e0cdd7d0d0cadfd1b6effe13ed5bd66d4a7b8a3cc97715ded871fa676e8c2c677d4ce2646fa6ac33632d48eb09e701af57ffbd56e5d165e5cd173e1eeecd985ac718aa830e6fa36d6af8c3055a2da42f20fa06827a7ae11b1865aa4c5a70a341b7c9a6a79f6798379bc118b52ef99929eb3cdda8b4de12f2f3da45b5c25ff0f17e0bfc459b5a24daf482fb6f66158e5da9b155f1b3e5443e3e9ede8258ed53e515062631321973c0d4e918245b5f4f3a96b21c6fbbd3b61263ae36bd36faca9b53bc9d3c963ab63daa5f3a5db69f1f03450c5ce52a77ff4e3f782cf2c63e885bd6313efaf24d9b2b6ffe993edbe6abb2453be3c5e4f03639bb85bc3a13c9fcb25d7ebadcce6c6faa58bfdccff498b4f2e96c9b88b154d618cbcfe5d8ea63c206c23fe7b8db6e5e6f3b3656c9767ebd10349a73a4e94dbe63f0774da493ef8da3e163f7d0a1b513e883ae7f30b94229239598264662503d83a70c9ddd76d35c63abcd5862f68c11d4a64c972b66b2e3b2063f66f2f9cd00494c6e5bb314ebbb3589a60ffeb663504dfd4edf6369fce641311db8fd363ab5f2091a5eb6808ecfb991fe78f5c5514edc780d9dbc67267d7afb4db4a9e312533a943b0ffc3719bc3808c5fae06e9bb8d81b3d76accdb6ee6f380f78bdba4d7ebc6ddbbcaf56d421c6503d559f05985eb0a70b4db59db1e8530ba364dbbbd8a8c58bad27bc10850b9f8265cba9b784f2165f6e3db2df694c9cbc6a61cef29aed824d685a158e9d4a2b676cd36d35bf4c3d4e9d36e6665ef27cba0e77d19c3956b1fd25654b8db949e37ffb72da2237d37dab7d79c7956d87cae7c5c86d178b591d54d6fe651f99392a3cf64edc62f32023a6a3203bbf745c34b68b56499a67147999583a97ca1b4bf7e69195ccafdae1a5eb79ccf71b961585d438fafd5032e3d64863506fb9c7a3958c918e9d1a9b24587abef2d8c9747efcf2e3d3ce1f25195bbe1f751cd8f1c9af178246738e34b5c9afd4e04b39662826fb24d6ba303148a9e173cd5f60ac1c13aff37273c74d6339e206df474a19fb5e464425fb2d55a0ef4e1dcc68f2fae5df4e5f55bdc6907ae6b4a876fdf88774f6f995347cdfed74fc97d79b4f437d3afedb746cca55f4f98207e8e5ef7dd57c9a27f6a43c19bf70bc82b1ce8a9363eab5d2b2f9f53afb1072b7ddb232add63186eaa99c455a157217336296f0c54fb0d8646d08cc0e5fb87b8b7821673f7ebdb926aa8c7a4b88e70d2e94cee2cb955e449bb4a07df519974653e1d85539b66a1791b1e0fbe47394b74b89efdfdf9fbf1dccef5499631ef42155d09644e1bccdeb83bb1d96adb52adfbf4e4bf2161dfb2086f5ef6339d263cf8e69d52fdb5e7dbc276d75fae2c523d84ea5f7c163c0149b97f2b38c38abf16246d2df568ad529e4e66dac71a8a7f8f16725639186381c473e8c32ddc689ff2da5eae663c5f7a3e68b1d87fc7a216834e748d39afc97e6fe55c5065fca3752812206293554a1d1b27539af4e3362e5ca51ccd873a48a98fc42afeb077de7ed8ef48119cb34163a5f180b638a2b34a03b7f3889ce2c7b8c867e753d9d9e35d97c1a4a9afc23d75e499fcf7f80d65ff277e6d322e24fcac3be3af3266f8e04374a4cec596cb2ea75f621e46e876351eb1843f5d4c89bfc7021c4da102c1af902315c2c3afbf1cbf2857235f596509a57d7e33efd92788b75f3b9f31dd8c0a0b49bc92f11bbb2c656d7cbc756ee229c77699ada4a16d1fa733e1f9c7df863e56f3bed2938e6c1f85b45da92289c23bc8ffe1c76b7f3eaad8dcadabfeabf8e911c73e7bbcb7963cfff0ee641fdfb588eb2e69f6a5fc61ce6f17314c9afea8fce21a3687c58fe489d8e2273343d66b822e7ae5275b7888231963163dbf9c7a0bb9d7bfcf8f174b6f3eb85a0d19c234d69f29fffefbfa41387d6576cf0a57c2315283069a1b9b226cda94b1aab4c131d9abb721433f716a922263f663e95f8e705faeec48e9949dfac66f6b54203bafba69fd1b13933e9ccbd3368f0671394998f72c577e9f8ec5b69ffad53e9f51f7ccb94e6d2fd085f650ffbcafb108c75569c540c47e1493e174c7e036ae44d7eb040e16d081692fce2135e8872173e596640a98c7a4b88e7957f675e28f3166641fbdacde49719bb32c756ee2230244e3919efb48e60fcf3c6cadfe6798b8e79d08754415b1285f3961f677e39773b2c5b6b95b3ffdcbc45c73e8861fdfb5896643f22265f75d3efa3901f13475e5d6adcbdf281a27114fb0888cf439d9fef232bbe30f9eeb84462cc8ed1347e6c3ec82def7ce5e4f5c7c29b0f79f54290d468cd91a632f9278e1e50067fdf9655b471c975151b7c29df4885d2662ac9634c9b3654a1d14aebf2be93ef98bdd0dc952bdfd873d9efe25bb2a4daeb983fafaf7e3b1d336bf226e5ddb24e2c3c93a9df7230db151ad023ab96d3ce4bfe9d4e2f7b9c8effe0123a76ed4581c13f74d9b7e8d0e517d1a9458fd2eb179c4fbb9e7cc09476a5dbe3ddf0f08cbbea4f72d3c6bcd2eff42f234e66dc93bc25e6018f9b3b9ffcedd8d8d436c6503d350a26dfdba75d08e96d6fe1a81687e9a253d5ebd553c80c54536f09397df5daa0fb66b69d7deaf624698141a9cfb8349aca8b5d9a161bdba41e9566c79a8d7bac8c1a73afbc94b3bf1263e56ff3b245c7dcaf832b1617335763c7959de3fe31e86eb3b8d449e5ec5fa5d97ea858b0bc7963efc4cdeb9313fb4690774c3bfd72c7cec640e7f5cf055edea2fdf4e3e8cb49f7e78799bb692384643be2fb75c6335ab635e51e8fa1fc63c289b93f3e99f35c8a8f8f3f564279f54290d428cd91aa4cfe48ff3ff9f7fde8cfe9c4be8d347cf82d7a66faf9f4da437f4bbb5eff11f5cfff37da30fb7c93ab98947192262c42faf4957d4f5b98a5d9a28c365731a325f25833680d9e213573a1b92b226edcabfd757d2b6d06636db4e27de731317d58d09df691bdb9e01b54773fcc50576840cf1ef984b6ff74121de8f83e9d5afe98fa91bd23575ea0cdfdf8efd0a14b84c1bfe4023af9f8427a6fe2c5f4d2955fa35387f79bd211d9b14bf0dae48ca5f9257ddb3fd307392f6c79f7e6ce5c9196f63f6f1e546cf2856a1d63a89ef21790b591bf9809163feaa222f2a8c56a4f74116bd39db699c5af4eeba21e59afcde05fa882855185f59650b4af495de1c22cf97c5bde22ae3ee3d2682a1cbbb2c656ff12bb5df4f2b997d66fe3afcb380b6423d5369b57fd92bed9bfbf6f7fdb696bc13177ead065f8d8bb71711763693b05ac901f5b773b620c6aacb2f6affa2fd22562acb6b1311305dd3e67c64d2ae7186f08f1f6f1760bf118046d77fb15c495a71982befb71f415a4f3b92bf0cd6b107b2eaf6ce30d445dc4cf3531f9c784141f3f3f4cfcb80f8e55ef98f1f799572f04498dc61ca9cae42f5ab4485c8c7bcc56be643e99bf1a49937ff6c016fae3d2efd327f3be46af5ef7155a3af1cf68edb4bf36395a53fcffc7b7546bf22b5765372a6aa9cf36bd415b275e487b275d49a79e7c8c3efbd50cfaf49a2be8f084f174ec17d3e964f7427a7fc285f4c245e7d3e1d79f37a5eaa03c136d4cbef39600043584e402366bb1d8f88a2ddca0621a99d8698354cad0ea0575860992062867f10e8d92728d26044110d448aacae44b49e32e9fd0cb57f1b390e9d51a7ca9f15fff13da3e7f029dea7f92fed8bf845eb9eb1b2d6ff0a562265f323a1a7d932f35b0e935eabdf67bd47bd13fd227b74ca563bfe9527c7cd34fe9956f8fa5f5577eadbe065f0a261f6a06a985796aa672cd5513481ad57a3e116d658d5cecec93d0d83c3369ccc4ab3999dc7c304f257123a7f1e49d4b200882a0c655d5267f2475d9d7fe94aefafa5768fe0fff4299fb6dab6e3129adad98c1cffbce7d7dd518265feacc270769df9285b4a1e3627a79fcffa197fee3efe9d5ebbe45bb9e7a904e1dda6772d55130f9509388bf2616bcb6da44d2c6114f122bd168c48ebffeca09fdbbf77a349ee2379c92b1c4cd170882a0a6505399fc7615ff4e3e0782200882200882200882b860f221088220088220088220a84504930f411004411004411004412d22987c088220088220088220086a11c1e443100441100441100441508b08261f822008822008822008825a445193bf67cf1e00000000000000000034084505930f000000000000000034384505930f000000000000000034384505930f000000000000000034384505930f00000000000000003438450593afd84af36e9c4963e6ae8ba4010000000000000000a34b51c1e44b5e9c4f63e6f7130d0fc6d301000000000000008051a4a8aa32f9fbf6eda3850b17d2830f3e48d3a64dcb44a6cb7c327fac9e9af2d107b46be515b4f9fe0b69e3dcefd0f627fe2fedf9a02f9ed73238dcd0067fecd8b151627925d75edb1bfdbce5e8efa7bd4f3e491fdd7a33ed9ef243da39e53afa70eaf5b473d1a3b47b6b9bc400000000000000d016145555265f1af79e9e1e532a5f329fcc1faba7967cb0f802daf1c4143ab36f130d1dd8429b7ffb75dad23d39c8f7ccdc9934e6f21873685e9f9b57a35fe9bf74f156efef58dedad2dbdb1b9065f2a5c1b7c4d22d5b17cf71fa5dabbea8b88ec0d71ef63eff3ced99368d06eebb87865e5b4f67dfe9a5b35b5ea7936b97d2feebafa5773abe4f1fac5d152debf0e23c270e636e7c8ab6c6f2d599918a1b1825b674d3a471e3689c65d673f17c15f2dcacdad7d9a814eeeb73b344ac67d173b1345043b650f7a44ae6f573348b1f138ad2e3d54e73bd2a4662fe37fc31e6ceb159cf154d6344fab8a57b52524e138f41f65cd5c74c5e7bc64deaa62d4e19836c4f569aa4cdcf7bfed8e4c65830a97b4bb42cff5cc1afe191f8abb136e999730934166a4cfd63a539e648515565f2e513fa7224f3c7eaa9151fbff0377472fb5334b4ef0d3a7b40983ec1999d2fd2a67b2f08f2bef18830550bfa4dcbb8ced1990137af66073d357d264dfcfd0eefeffa1bb498c997c4f24a4a197c7d83a39bfa4c8f89fa69568d8cbe8aeb231ba369b5421afcbd3ffe099d787a299ddbb583865f5841c38beea5e10577d1174be6d3971b5ea04f6fbd9eb67eff3f6847cfd3d13a14cae0cfa5e5474c18848ebcd0352a467f24e206460b7dd1e8da6626196da32eb11d5c20aa60c3dde2c271f786685aab51b8af1bee1617d3bb69432c0dd48ee7ee1071ee12b35aa8e01b7176a17477724c681deee9509fbbc7863e7eeca2a8d8f8bb65da929198ff0d7d8c999b4ff6c47bb8873ac64da2ee2d695a47cf619db6ad4bf4c3a671ec82dfede3ab73c651a72dab344c832c5da1cc766caea637c5eedee07e96b4870e534fa7c8e3df20b07576aea0f7f9e709f1f6b60d2a3ee65c24e58feb9665620eb074a17367064c5a374d1ed7496a08c45ce91c3799cd07313e93ed98ebb199cccf517cbf6a9fed7b93a569480cb977ac34c91c29aaaa4cbe7c15bf1cc9fcb17a6a8134f84303afd1d0fec5b47b45279dec7f42214d7eef6f2f0df2976faab8b11fa033e7d281afb7418b19fc8a5fc9ef7b8a262863cb2f4a8334fc6eb730bcf3e9199eb702e4371feafad507f98afed46934f8d4223ab7733b0d3ffc6b3a7eefedf4f93db7d0d0fdb7d3d9dfcca0a139d368e8d9c574e0c7d7d0e649dfa39dbd9ba3756d5d3b97c6cce8a103eca6cec0993e9a7d79173d167d9ba37ed43d6e601411c7971ade74bbb74b5c5ce6bccaf254074c7e047d50858b6f505ba4d1eb5c45bb636911b4c1d78b9df498d00cc80b6bb078da4077334354ec5ce996694bdadde46f59ac17eb76ae0c9ca173c9439c57698e981f5d9bcde27db057dd789df3aa296bd8d23d853a3a3bbd3e6ea1651dac6c14b1e09fd2419dd2a8f3739535165d5d6a7fe9fc74d794727bef6ab1df8e65c9d340fd14b083babac4e719263fdede36c23fe7fbe3faea9ccc73d596c51d226d35ed95f343cc953e718dee586c4c9a9a4b9db47aaf1c1f31567dc2a4752c4ec7e62e39a6bd7abf830794c1bb0b4ff31b167b93b94b1c87c1b1d22473a4a85ac2e45b83ffe5c91e3af5c1641aecff096d5b309e762ffb196dbaf7bbd132858cb930c49726af71cfa7db13939fbeaeefbcf66e9fe6f372ceebffbadcd4b9e615f1824ffff9f7f0adc1afd4e46f5ddd15185b45b0205e4753933e8836bf683fb77d7f2a4d674fbefdb71a9cf8f027e4f229fa8df368aaa82bfb2b12217b9f78828ecc9e4e5f6edfaa9edc9fb96f061dbb732a9dfe45a7c3e0cdd7d0d0cadfd1b6effe13bdf5c8dc685d03fdf2c6866fe8a521b30b81f06b194effd49b00f3681eeb631227350744bf16a75f0748eb09e701af57fffd94caa3cbcea3679cf190db663f825ac718d49f5a9b725ddfb2e40991f3f442dd4166778dd542933fdde0af98cda259a20efd24553f5de24f5583d74f79d9e893b0dae3c78ebf3ee7bc22e7f53b335f9b118d833f27224fc2f9ab86c91c5031b69fdbf27adee8cf6651b7dc5f12efe7e80ef179d7367dad49db22cbca7d8a7fdfd78ba77177c87df0ba747bfc3918f6272ca3f2963157f3e64a340ef6f359dd4edf9f4b9eacdaedb49e7ac0db36eb2ecf8067f5bfe4d8bbf174fae1997c273625625c6ff4823cebe6d36e5a2516d91dcbccb9edb9bb447bbba897df74127199dcb19a0ecac5ba6304e40d824e5ab59be5f5905f11ed587d50cf637e9e7f7f33f5c9077dc3bd256f42bdbfc235f31b7ae56db17374605586c9cf6c6f3be3deecdbb24ccc89aecd3410e4d36f67f034759db137e2a5f113f363b35d37ab793f875e5579f54d9fce55bb75da9ef769059f5ba0e1787f731fe9c330bc49d92c73a4a89adee43b067fd7443af9de381a3e760f1d5a3b813ee8fa8768198932f989696224065518b15b84a95f27a782d0f64755baffbabe7cf2d0b7409493affeab3bc6da8ccd7a571723f584dc9a325d6eccf435a4de10afe0c9ad35f83193cf6f0648fc74c9cb0f89fdcf8f4fe0146d42afb67d577db026d1f44198e325aa138769b9dc3671736e9e28139c7e2da06f7e9a6f4faf8ee7cced3225eb2b12116ebd894ead7c8286972da0e3736ea43f5e7d719413375e4327ef99499fde7e13bd71dd45f1ba0687f5d8d9b1f7ccb3ffb50c89d33fd387310f991ef2387db88a26cab4dbcc581f59abb6f54d80701ef07af5dceca2a73e918922be33e4f602da2c37a99f668b7a26d81b06f58831a82f623136452c3cba7a6bf7e686bad88ceba01507d534a06d727139d99813ff69dbfb2ba8532c5257bc2fb7c5023e79c54ca84fe615db2bde1769fa42a4ff66fb4916adda0c245f4318a1d7149d36f057e0cc2b7289f1e2fd76f299f8f09b15ed42561c9c3921f116c7d2f476f4a885918ab358b0a89b3ff2e6b01a7759a73ec728a3d769f3f6aa27a6892991664aa41d10664ad7b9dae4ebd3f9cc2269b0573e05914f31e5134efdf51639cfe493ffecf1b7fd793528e3cfd5c33df26967c65ccd992b6e1cdcafddb8c7a0998be3ee121148f34e3179eb82772cac1263941ef739fd2f39f693c5c2d64643f72be9877f8c25b1317153376a6cbd238b32c96241fe2abff191dcb8d04fcefbe4a25da64d5925daedbef5f3dc1d225e7d6768c03f7faad779d33add7a25f2465617f59d19f0ce978281411a54d7e1526f9ae89b619dabf7266bb5c1417dbdf0cdbf25b3bd6d8c7cb3411e13f6e68d32696cdcf80d3c3956a909db43bbe5cd143b7632a6fc86d1ee55e298b131d6d7c9f4cd8e01da2ce63ebf6e82c662401c4beab88a1c2bcd32478aaaa94d7ea5065fa28c54ec3bf9d678f72da7ab2e9f4bcb0e9841193ca0cc966ff293ba1263bb80c6cc584b07ed1d61536e063377135f484fdce5c00dbe8f4c97c69e7a53fcf212a7ad5964f4fdaad5d2581a83baa0cf984671b1dc2ecded02659079fdcfcc137d5d7720b9700e1e924657e7d306b49b36db381564e78f26d3d9e757d2f07db7d3f15f5e6f062dd4a7e3bf4dc7a65c459f2f78805ebaf81fa37549d40b0c4ada3c2bd39e3c0d2f62f2e7d2f24366cef03819933f7bbbb8e8cab48133b455de5098270d78380f78bdea6f16df8dd2b82f30aff9ecd94d4b9279589f18837a629eec8945b3ffaa7235a8c564979d33e6e2631782fe858c2fea9d57ccc4b6798dac90c967868d97adf76b8abc0dce2b70f25ca49e62dda5cd0bebb79bcf1cf715dc646d7632e3906bf4b6d062f97ab234102acd7b15d1995fcfd15da25c9a77900e484369e6a2dcbf362ed2c47452cf412f9f6d9baad33e05710d51f6f8f371f54c94f7a4567e2d4b9aeed85ccdae53c721355ea6cd260eee31a81771693dfac9713d17fe6ebbedb160c625afff254cbefa0a4572ace8d7dc937ef0b197813a67c7533fb94ace15a38032c3b28ffa2e8bbceb20b6eddb05fa3c3c6595b9257170054de66f1ec81b16779b73b47ffe544fecccf772a59c7ac538cc12b1336faa38e74b873c936fde9c10e7d683c9ebfb2951939fd7de7645ddf412e7223316c99cf46e58d91b7872acf8f1a9e26cc74ec694c75c1d3336c6fa3ac9c7d2af0b3428c1b1d23c73a4a89ad6e4bf34f7af2a36f892926677e3426590369a45b3355ba54cbefa9eb7358b8cabd7a606999bc6a2c48c3d47e62962f2f73c2fda377d65fe0fcb057de7ed367f3f9fdecddab3678d30968fd21be2ef34165be909912f8cc55c7a423ee95606549749eb29cd87937f4067963d4643bfba9e4ecf9a6c66562869f28f5c7b257d3eff017af17bff3b5a978bfedeb435fb57a827e5e17839f3c698e8e81c51267f2e2d31e51432f6aa6c7ebdfedc74b779d9fac418d48bd4e0a78be6dae02f269d85a07f21e38b7aff1533c7d8e79b7cf55a9bec8f47bd5f534cdbe0bf0227e07d4dfe8ee46b4b72e2906bf4b4b10bc7da9870677e85e685cfc56461634c673aefcc8f99d9b6a905937d2ae2d6993bfe096e1935579d57b7b34c565e9ddef7b8057edff831e86e87c7526d89b49b3d49caed7f09936fcd92467ee79bf5838fbdf37580c92a1f8fc748a3c726bc09a9be436be69f7cdaaed2ccf76b93af884ce9a09e03e61cedcc6f598f5c29b037e378bdf22dad8e749ffe9c48c99e7fd6e01f4e6e98b838e7764589f6b62389c197975afbb97e7b23bdf6ba3785d558b1dfc9514f74edd8a998da9b8e0275ddb431d6c7767add33c762dd8e7550338263a579e6485135a5c97ffebfff924e1c5a5fb1c197f8462a441a576396d4b636548ed135268dd7a5bee73d63ad7e0d9b49ffa04a68eeca2166ee2d32bd88c91f38d023fa15f96139fb1d72f5b9df77de6efdf798875e3769027553c037f9c6f0da57fe13998b638506f4831b7e42c7e6cca433f7cea0c19f4d50663eca15dfa5e3b36fa5fdb74ea597277e235297f95e7cf25b0316fea43c1c2f67dea83e64cc11f324fff68d36cd7c554295cdafd79f9bee362f5b9f18837aa00dbefaf5e41a1b7c89bf982c6cf29511e8a065c977678b9bfc81cde2e22717a366d659a53f1e551fd23698a7a5fc070c795f93bf23f9da929c38e41a3dfd143a79b891c83c2173e657685ea2265f96714ca77903401968695ac4dfc9db006e9db9e39fe0965173952fc0324d565e9ddef7b8058d63f223ed668bccdcfee78ebd1e8bf497e40fd26ade0f36f6f275f1f409d8b9f0fbe8238c3e3f7133acc740cd3167ce6a92f1526f3789bf03b27e6320ad57fd0e40acacf7bb0ef1f9670cbe8c6186c19704263fa7bd7ed9b64019fc0ef5a645c9b7e5d879c879f55aa0ce55f6a699f3eab55bce1e7be9b1cde699cd0f1a93c87920a041e748513595c97faf7f8332f8fbb6aca28d4baeabd8e04b7c231530b0979609b337e6b7e6fbcdea15766bae5c93e6d435d8ab9e04dfeafc009bfb5d6c6eeecac537f61cfb5d7c8b9faeb0af8d3bdf3fd7bf3f90bc226efaae5fcf17db2fce576656bfbeaffb605fcf57656f9565f56b823c16836fcbd7f8d35fecd73f1067f65ba101fdb07b3eedbce4dfe9f4b2c7e9f80f2ea163d75e1418fc43977d8b0e5d7e119d5af428bd7ec1f9d4fbc0af22750dd08117e45b17de0fd2397d35afcadfb6dcbcf9b08e66c827e576ac551f32e264bf93af5ecf1769621e4c10dbb3df9606af5626bf3e3106b5265dbcd5cb00fb06c35908aa8b4ffa6ab25e889a45bd38d6e5a23df98558f5dfa1d98b91310ec92fc46a2396ecc7fc72f11df69567f324cffd7e6aede17d55dfddb6afe71b43e2bef2ad2fba6e3ef95dcd49918577eb93198781cd6a2cd379209f745a13627ee97b4a1a2ff5bd7b1b3f67a1645e614ff2eaef163b46581a516feee81f6cd3af93dbeff4274f603d43943dfe7c5c3d1365f6971c03de777539d975da5f3c4f8f07febd69ff1874b7eb6df26dbba7a4af8dcbd7f7edb8e4f53f77ec75bb939b07cef9416cb3b157fdb5bf066f7e7784c763c4f1cf4fe6bf7a547d3669c96f0bf0df49116b24f9302f91f79b13feb943fd6681a9577db58149fd2e41d4b487263ff92d8b12378103939fd35ebf6ccb63ae415ddbd89b1609fa467b7a7dd2dbf6f81dd8bb5a5c27a7e8e347cd07f63536739dd4f3c5dcf8e2bf97a08ebd3bf43983cf33930e1a14e7da25699e3952545599fc91fe7ff2effbd19fd3897d1b69f8f05bf4ccf4f3e9b587fe9676bdfe23ea9fff6fb461f6f9d1325928e3244d58046dc8e56b1bec7bda972fa459c21cc74cbe365a228ffa2ef7200d1f594b5727e544be7587cd1dc5ca4c3e37eed5febabe44be6d76649dfbb582ab5ee04f1875dfe5ff9d6fd367bf6b4f9aa60f0b1e55a655a54f5f4b474c59c7908a1db9fb61ff755f850674775f2fbdf5e3ffa4031ddfa753cb1f533fb277e4ca0bb4b91fff1d3a748930f8975c40271f5f48ef4dbc98fe30feabf4c19637a375a90bb2fab13cdb3ec9a3d4672ee6328ffe8ebb4d5b404b647f1c93df4db3e4137a93278993795d7ff6235d495ade3ca8d4e4d723c6a0c6643d69610bc56af10d86b310b4afa29afd4e5eb15a2c70ed933b71ac1f94ff659949bf6b957af5d42ee2070fb034617c56490397ec479cebd4ff3d6dd345b91e3bc7eb87d35731ffedffadaee08b647e01f7f3c94570ced3b29625330ec69cdbcfcd3cb026449e2b956109ca89746fa1e4e69d4277b3fff22b35d062ee2833a2f3ddd5ab7f984e6dcbff3cdf191bf35f4e8a34f92377b9e3cffac3cb8473557ea73afdaeaebc09972cec72e64a100776e3ce3f06ddedfa9b7cddee740ca7dcdd258e5d3b2e79fdcf1b7bfbbaaa4debd5fdb7a69f8dbd73ae98bc82fa649decbf801b79449f85d595665ab75f3edd4dfb2ce3919edba431cc78f21b99df8757f3f9c163e9e2cf8914dfe49b1ba801e18f430626df27302eed43d69b14c939c0990f027ee35d5c270fb2e3a0b3e720bb51e05d27c575c6f9bd0471ecf1f342fa3b00a0a1098e95e69923455595c95fb87021f5f4f49852f992f964fe583d459126ffec812df4c7a5dfa74fe67d8d5ebdee2bb474e29fd1da697f1dcd9f878877a6d213bd1c70ab611a161b7ab0a509b67f8b7cb632bb30f1eeac26f9fc7205e1ff3fbea51a932f510697296c13ef3b8f893199cf1f48fbc816642a14ec4eb4bb1f76775567ac68927fd0b3927aafbe80f64eba924e3df9187df6ab19f4e93557d0e109e3e9d82fa6d3c9ee85f4fe840be9f90bc7d25b2b1645eb48082682d726672c87e98cec8fed9f31d19b5915499cec77f20fa5a5f3e6018f9b1f43773b2c5b8f18831ae29d0f123946a63afc39a3e6847f5c1a9d3b7346cc0a364f78fb86f7baaf91e5cdff20dd9d97f522da572b1e536ffebbc749fb1e175971703e1f3ea3ce33dcf4f039e4c4cf8bb39bd7fb2fbfccf797d50f19b10a8707d9f5468ead7ae5367d3dda6695f34bef2e63fc593b781995d799ab6cfe9b732aef6bde5c61cd76dae1b7cbddaeecda5f2ebcdde7c482e51c6f7b66ff4b8c3defb0e88fd32fbda1f7c1eb17c7e1a0ee70cdce7195c1d7316e9ffd73171f7f07de47833b3fbc7a19ee1ce0e876a5fb74d75ba9dcfd4ad4bef3e21a696fbbe08e4baaf4b8f3e2ec8d8d73fcf8c7aa37bffdf8abb01b65ce25d058448f95e69823455595c9dfb76f9f32eef209bd7c153f0b992ef3c9fcb17a8a32feeb7f42dbe74fa053fd4fd21ffb97d02b777da32283df6cc44cbe2496b7fe54f63642ad79bfe769da74cd45d47bd13fd227b74ca563bfe9527c7cd34fe9956f8fa575e3bf5adae0574bde937263f29ffa30920640c3205f47e3bf2a2d5f23cbff3fa0012807f7c9a334bbfabfe08b7fc7d97cb565dcddc9ebd16e3a000000d0de145555267fa4b9ec6b7f4a577dfd2b34ff877fa1ccfd9b4f5e1fcdd76ac40c7ee677eeeb4e63987cc9cede4df4d643f7d06bd75d402f5df64fb4fea2bfa3f5d77c837a1ffc357db0f98d68999a02930f9a1eef555df51a19cc15a81de1ebc5faa936b1d7f5391dabe58fbcb5e79348000000a01445d55426bf5de1dfc9e7c4f2d69f9179edb029c87b2d4ebdb603b3041a1fff1547bc6a086a49e6ebc5fcdd45265c5b000000806c8a0a261f000000000000000068708a0a261f000000000000000068708a0a261f000000000000000068708a0a261f000000000000000068708a0a261f000000000000000068708a2a6af221088220088220088220086a3ec1e443100441100441100441508b08261f822008822008822008825a4430f910044110044110044110d42282c987200882200882200882a016114cbed2615a3e63268d59d06fb621088220088220088220a8f904932ff56e370c3e044110044110044110d4f4aadae42f5ab4881e7ae8219a366d5a26325de61b09fdcfb921fa68f504da7cff85b471ee7768c7926fd297a78f9ad4e6d4d8b163a364e9da6b7bcd5fadad2f8e1ea5e3cf3e4bfb6f9f4e1f754ca15d1d93e9a39b6fa0a33d2be9eca79f985c100441100441100441eda3aa4cbe34ee3d3d3d662b5f32df4818fd0f165f403b9e984267f66da2a1035b68f36fbf4eef2efd2f939aaa6fc14c1a73798cb9b4fc88c9e448bfd23f71dd61efeffaabb7b73720cbe44b836fc9d39175739d7ed7aa2f2aae23f056c4e9fe7eda7ff3cd3470df3d34f4da7a3afb4e2f9dddf23a9d5cbb94f65f7f2dbdf7e31fd0679bdf34b97324dfe260711833632d4587bfce1aa9b841a3a56dd4356e1c8d3374f6d4f9dcb1ad4beca74becd5fb3b906e57573cb121b5ad4bc4b0aa061fa69ece1118836650e17992adc33d9d6a4e73462db635e80f541fa979d2d9238ebe91947bde754e1b6a7ef079db49c9b43ddc439d3c2deb7c23ebc8e95378ae72db23891d2bb29cffb9aa2b29c7daea489fdb9ae97c5e95ca8ebf1b473f4efc5c168c0b9f13917de6d50b4152a33147aa32f9f2097d392a377fb9faf885bfa193db9fa2a17d6fd0d903c2f409ceec7c9136dd7b81c991aa7c53956df2eb6dd062265f92a552065fdfe0e8a63eb34dd44fb36b64f447c2ac4a83bfef27d7d389a797d2b95d3b68f8851534bce85e1a5e70177db1643e7db9e105faf4d6eba9ef3f2fa6639b5e33a5225206dfbda9a36e7e8c82d187c96f6579a6d22c16ea7a922f6c7660f2db5a85e7494cc6b0040b5e6b6446c16057d51fa89e1a7993af8ff3e45ca1cebba93956ed899e47fc73a2de0ece176a7ec5e6bf914de7fb506dc89f93d608f0fdf9b1d366d4afc7f4d7697b0bab92f8f37302ff5b8acf0f6faed8d8ea31895c3ff2ea8520a9519a2355997cf92a7e392a377f3992067f68e0351adabf9876afe8a493fd4f28a4c9dffac0652657aaea4cbeabd130f915bf927f642d4d8cbdada00c2f37fe8d29f98afe819b6ea6c1a716d1b99ddb69f8e15fd3f17b6fa7cfefb98586eebf9dcefe66060dcd994643cf2ea6033fbe86b64ebe8cce7c72c894761537f4f28647d6db1c10540b8d80c92c7c1181c96f6b55bcd8c8303e4cd58f5395c262bba134e226bf84a196f3b3e839c09fcbda8877525757569fe439a6933aa5e9f64d66660ccccdb1ce2eea2a757ef24da8da96fb12659bec7c5e892a8dbf3b8efa3a6037fdf9e9cc0f3fdede38e6d50b4152a335475ac2e45b83ffe5c91e3af5c1641aecff096d5b309e762ffb196dbaf7bb2697ab42c65c1962914fbdc6dd4db3234ff29dd7de6d7dbc9c631875b9d90bcc2be2056f0cf0efe15b835fa9c92ffea45a3fddb77d9bfdaef938e9fbda349dd5e7c7d5890fdfafbca960629afd158950c79f79868ecc9e4e5f6edfaa9edc9fb96f061dbb732a9dfe45a7c3e0cdd7d0d0cadfd1b6effe13ed5bd66d4a7b8a3cc97715ded871fa676e8c2c677d4ce2646fa6ac33632d48eb09e701af57ffbd56e5d165e5cd173e1eeecd985ac718aab382a704b5915ef868bac4622ff3aeb1da3679fd45a15d2c26e9ee45a953e44fd347c740f18ba57be194cdf7167d4e7f6ccc4d5fec0098788cc405b71154789e4463a7e5c6d998138908a24a93c10ce6b98ebbad8f2fd0f538f6b074d90e56af37d7781f9cb6f13ef8fdf1e4d4c1073fb3df76def4a4ed92ede7f9f9dc1b49a936f0be7a8b48a74f026fb267c5428f0bab958fbb195f358ed17ab3c75ba5caba6cb93ac42d381738f2e253427e1cb66dd37f67ed437e2ecf2fd1f865ee54cc789564e7594e444cec932c874559f577f3ddb4ad4495c5df8fabbb1d8c31dff6cf25ce767ebd10349a73a4e94dbe63f0774da493ef8da3e163f7d0a1b513e883ae7f30b94229239598264662503d83a70c9ddd76d35c63abcd5862f68c11d4a64c972b66b2e3b2063f66f2f9cd00494c6e5bb314ebbb3589a60ffeb663504dfd4edf6369fce641311db8fd363ab5f2091a5eb6808ecfb991fe78f5c5514edc780d9dbc67267d7afb4db4a9e312533a943b0ffc3719bc3808c5fae06e9bb8d81b3d76accdb6ee6f380f78bdba4d7ebc6ddbbcaf56d421c650bda44fece162b8068a2c3ae266c75d04aa4552b2adcb254d7316925e9d76bbd6fd2820bef88a2ea293459fb7e04de2a0dbae2eb0fee2add555e13c8995d369f1f9a4172f3c5f7c6cecb61ac7ccb9a6f3260b22d916b6b0cf5c8c3b6d76e5b685cd07b32fb73f6ebffd7625f518236dcb8eacdc58ebb6b8ed76d35283181b171bebdce3cbf43749f7fa9f37defed8f8fba985d4fe459d7a6e69d25d98f63092f9e52b675cdd3e5ac9ba75dffc7ef1b62882b2527c3ec6a5ea8996d5fdaa71281b56e5c5df3b0e84643a9feb3ce676fe2879e71c3d27328e2f21bf2ea8dd357a73a4a94d7ea5065fca314331d927b1d68589414a0d9f6bfe0263e598789d979b3b6e1acb1137f83e52cad8f732222ad96fa9027d77ea604693d72fff76faaaea3586d433a745b5ebc73fa4b3cfafa4e1fb6ea7e3bfbcde7c1aead3f1dfa66353aea2cf173c402f7fefabe6d33cb127e5c9f885e3158c75569c1c53af9596cdafd7d98790bbed969569b58e31546fe9137e2d17b5ee624628cbec04c6276751a8f2bac68b5f94827d8e90f87efd36388bbea0af56a62f9d226f34bd7555d63c7116cf6c91c216b8ce425849cea7d89c09e70f1f2bbf5dee765836954e4bf266f5c7514e7d41197e7cf8e5fcedd135587c2cc27161527dcc3eaef3c685a7890d310fd29b05f9b10aeb75e2ef98a6da48ed8f8f07efb76fdcfded44ba4f59b174e26124fb66b3c7e671f6b655183b2edd2f1e77aed19d8323ad4ae2cf63c3e721ff5b4ad59d56e4eec799aff9f542d068ce91a635f92fcdfdab8a0dbe946fa402450c526aa842a365eb725e9d66c4ca95a398b1e7481531f9855ed70ffacedb1de9033396692c74be3016c61457684077fe70129d59f6180dfdea7a3a3d6bb2f9349434f947aebd923e9fff00adbfe4efcca745c49f94877d75e64dde1c096e9498d8b3d864d5ebec43c8dd0ec7a2d6318646409906a4124516857c11c2f6152e8adc8b8f5a14c945ad447ea731c70ca8bcfcaa3542e2fbf5dbc0fb175b006ae9bec885b2fcce66fb2cc6ca9c27761e3054d9a44c89fa4cba1e9ed07cf0f1f1c7d1ddf6f6a3f661dbe47def961f5799c758b6110ae74c9e71f5b747d960b1d8cbf8f176a878da9839c77579e3e2c447ed2fcbe4476221c74395d5714bda9390655c2b533896fe78b9f2fb6afbe07ee62ad8878c09db0eebf4149da3d9ed54fbcb8dd328cfc1115679f1cf3f7efdb172b6fd7172b6f3eb85a0d19c234d69f29fffefbfa41387d6576cf0a57c2315283069a1b9b226cda94b1aab4c131d9abb721433f716a922263f663e95f8e705faeec48e9949dfac66f6b54203bafba69fd1b13933e9ccbd3368f0671394998f72c577e9f8ec5b69ffad53e9f51f7ccb94e6d2fd085f650ffbcafb108c75569c540c47e1493e174c7ec32a5c8056a76031c91721597f2bb145a1bf6877b6c38b52c9056c9dc4f7ebb7c1896bd0572bd697c0a8b4b6ca9a2759f353c54ce6d371e4d505f14fea08e70fcfebb7cbdd76cbe6e6cdea8fa3b02d898232dc34f9e5fcedd13658ba3d5ddb643b581fca3caef3c6c519dfe0d8c98b55586f34feb55430876d7ccca627b74dba2fa5dae8c4c36e8b72014e3b9882364a85b193d275c7e633d768cfc19155b9f177c7d89d0faa2c0b9c933739e71979e396572f04498dd61c692a937fe2e80165f0f76d59451b975c57b1c197f28d54286da6923cc6b46943151aadb42eef3bf98ed90bcd5db9f28d3d97fd2ebe254baabd8ef9f3faeab7d331b3266f52de2debc4c23399fa2d07b35da1013db26a39edbce4dfe9f4b2c7e9f80f2ea163d75e1418fc43977d8b0e5d7e119d5af428bd7ec1f9b4ebc9074c6957ba3dde0d0fcfb8abfe24376dcc2bfd4eff32e264c63dc95b621ef0b8b9f3c9df8e8d4d6d630cd55afea2add802b22c2973922eb8e505256e76bc7dab3473b1510b99f4c2a3ebc836032a7d1456327cbfeec257b7315d7c790bdec494b87df1178a2dad32e7891b3b3e4f741d4eec4c1e15576f2e49b971d6f5db6d7f2eb9dbee78a9346f9f495ede07a73faefc314ff7e7f63b36bfd263c0dff662360ad2ed65f191f2c6428f793a0762e3e21c1b5effddd8a7f514895d52d61b1b376fade48d47dedc50dbb62fa6ad0506d28d5d28771efbf3c38d752a7f5e0939edcb93bf8fd65679f117ca9b037c3e07739b8f49d6f864d40b4152a33447aa32f923fdffe4dff7a33fa713fb36d2f0e1b7e899e9e7d36b0ffd2ded7afd47d43fffdf68c3ecf34dae6252c6499ab008e9d357f63d6d6196668b32da5cc58c96c863cda0357886d4cc85e6ae88b871aff6d7f5adb4198cb5d18af79dc7c4f4614177da47f6e6826f50ddfd30435da1013d7be413dafed34974a0e3fb746af963ea47f68e5c798136f7e3bf43872e1106ff920be8e4e30be9bd8917d34b577e8d4e1dde6f4a4764c72ec16b933396e697f46dff4c1fe4bcb0e5dd9b3b73455adaffbc7950b1c917aa758ca17a482fbe92270b755885e985b2ae5fff0a7ec605c51a2349a7feef9a6c73b401d0e82782362d5cd8040ba811526ce1acdb2c16653da2af7cd1c7fb9ad997acc5766baaa279e2c4275cf0aa3c22eedb92ba638684e515fbe9610b747f2eb9dbde7839f3d7ecd38e79e6424a8eb1db263ed7b3e74cd6423fb6cd8f975192697bda262dde57f7b8d67262e17420e7f852fbe2f1c9af57fd4f0e2cce7c1e1633b095c86b3fdf879a1f368db5db9bf7097c8e18956d329df6f86956febc72e3c8098b8763d0ca2a3ffe6e2cfd3839e7467f427ae71d7f9f79f54290d468cc91aa4cfea2458bc449bfc76ce54be693f9ab9134f9670f6ca13f2efd3e7d32ef6bf4ea755fa1a513ff8cd64efb6b93a335c5ff7f7c4bb526bf725576a3a296fa6cd31bb475e285b477d29574eac9c7e8b35fcda04fafb9820e4f184fc77e319d4e762fa4f7275c482f5c743e1d7efd7953aa0eca33d1c6e43b6f09401004b58294412a65cc8ca9cf58cda8053556c335963479f532cc1004415033a92a932f258dbb7c422f5fc5cf42a6576bf0a5c67ffd4f68fbfc0974aaff49fa63ff127ae5ae6fb4bcc1978a997cc9e868f44dbed4c0a6d7a8f7daef51ef45ff489fdc32958efda64bf1f14d3fa557be3d96d65ff9b5fa1a7c29987c0882da55f64968cca89b34ff69a4ffd43b785a06552719f79c279b10044150fba86a933f92baec6b7f4a577dfd2b34ff877fa1ccfdb655b79894d656cce0e77de7bebe6a0c932f75e69383b46fc942dad07131bd3cfeffd04bfff1f7f4ea75dfa25d4f3d48a70eed33b9ea28987c0882da5ae669bd79053185bdf66fe5bf068da7f835957e15144ff121088220ada632f9ed2afe9d7c0e0441100441100441100471c1e443100441100441100441508b08261f822008822008822008825a4430f910044110044110044110d42282c987200882200882200882a016114c3e04411004411004411004b588a2267fcf9e3d00000000000000000068108a0a261f000000000000000068708a0a261f000000000000000068708a0a261f000000000000000068708a0a261f000000000000000068708a0a265fb195e6dd3893c6cc5d17490300000000000000004697a282c997bc389fc6ccef271a1e8ca7030000000000000000a348515565f2f7eddb470b172ea4071f7c90a64d9b96894c97f964fe583d35e5a30f68d7ca2b68f3fd17d2c6b9dfa1ed4ffc5fdaf3415f3caf6570b8a10dfed8b163a3c4f24aaebdb637fa79cbd1df4f7b9f7c923ebaf566da3de587b473ca75f4e1d4eb69e7a24769f7d6368901000000000000a02d28aaaa4cbe34ee3d3d3da654be643e993f564f2df960f105b4e389297466df261a3ab08536fff6ebb4a57b7290ef99b93369cce531e6d0bc3e37af46bfd27fe9e2addedfb1bcb5a5b7b73720cbe44b836f89a55bb62e9ee3f4bb567d51711d81af3dec7dfe79da336d1a0ddc770f0dbdb69ecebed34b67b7bc4e27d72ea5fdd75f4bef747c9f3e58bb2a5ad6e1c5794e1cc6dcf8146d8de5ab33231537d0003c378bc68d9b45cfc5d26ac1966e9a346e12756f89a401506f0acfbf2dd43d691c4deade1249db23aedb93c471328e911e337edaace7c2f20ad5165e876052376d89e56d65f2ce39b9e3c5c7287fbc1a93e768161bfb649ea878b0396199f55cb49c24deef3026c5e6a62ee7a679fbcc9ca7f171786e56a97db607a5e29f17275e36186f7e2e898c0de20f4a51cb39525455997cf984be1cc9fcb17a6ac5c72ffc0d9ddcfe140ded7b83ce1e10a64f7066e78bb4e9de0b82bc6f3c224cd5827ed332ae737466c0cdabd9414f4d9f49137fbfc3fbbbfe062d66f225b1bc9252065fdfe0e8a63ed363a27e9a5523a3afe2fac8c6685aad90067fef8f7f42279e5e4ae776eda0e11756d0f0a27b6978c15df4c592f9f4e58617e8d35bafa7addfff0fdad1f374b40e8532f87369f9111306a1232f748d8ad11f89b88146c02ee4eea60dd1f4ca508b13bbf0787f05758eeba415ef87f900a83b85e7dffbb4a2731c75ae783f92b6875e9d23d27a0e9b33b3d4300dca3465d0ba689bf994b67589edd0a4ea055507ade655086debaaf5425c1fd30dbdb0df7077f6392777bcf818e58f57e3a1cdf0b82e33530ef750879d27f2ed4d2e912663d073c0bcd1b96599c8cbe698d0b933035efdf2bc3b59cda5242685e6a669972877f706f7b38e64be1fa61e11ebf4a6434ab04f09dfafda671d6f223732a5e29f172761e227cb39208740cd87c96cdcc4f84cb6e7233d3693bbd94d00c41f94a2c673a4a8aa32f9f255fc7224f3c7eaa905d2e00f0dbc4643fb17d3ee159d74b2ff098534f9bdbfbd34c85fbea9e2c67e80ce9c4b4ffaf5366831835ff12bf97d4fd104656ccd82493148c3ef760bc33b9f9ee1792b405d3bebf9d507f98afed46934f8d4223ab7733b0d3ffc6b3a7eefedf4f93db7d0d0fdb7d3d9dfcca0a139d368e8d9c574e0c7d7d0e649dfa39dbd9ba3756d5d3b97c6cce8a103eca6cec0993e9a7d79173d167d9ba37ed43d6ea021d8d23d853a3a3bc509beb626ff7d71ce1bd7b982de97db0367e85ce6cd4a00ea4ce1f997671ab7d0b28e71d4b5393456daa0b1ebd7602f7509d333e7d5348f32f81d3d62391eb64315afe9427c03dded18b60624cfe4e78e171f2377ddd3f06c59ac8dbabdae66f6d31ab88369daab73c4f97415ed76f2f93c47770853d8c9e770a9b9699f067775a9cfd339e3c77680f6ae16e7f48e65de13e3c83e05cfdd25ebecd5fb1d3ca04ce85dedf834b944fcf3e2b465718718f3d5b457ce013157fabac651c76263e4d55ceaa4d57be5f888b1ea13e78f8ec5c9d820fea014b59e2345d51226df1afc2f4ff6d0a90f26d360ff4f68db82f1b47bd9cf68d3bddf8d962964cc8521be34798d7b3edd9e98fcf4757de7b577fb349f97735effd7e5a6ce35af88177cfacfbf876f0d7ea5267febeaaec0d82afc93e39e753435e98368f38bf673dbf7a7d274f6e4db7fabc1890f7f422e9fa2df388fa68abab2bf2211b2f78927e8c8ece9f4e5f6adeac9fd99fb66d0b13ba7d2e95f743a0cde7c0d0dadfc1d6dfbee3fd15b8fcc8dd635d02f6f6cf8867e5044c12e04c2af6538fd536f02cca379ac8f499cd41c10fd5a9c7e1d20ad279c07bc5efdf7532a8f2e3b8f9e71c6436e9bfd086a1d635027e493828ed574502e106a69f2d51d62710191c8a7f9c1ebb719afac9aa74793babbd3f4a43cdb66fbe2af9bf1a74ceaf359b3d87ebca757bccee0c956993875f94f50f3fb3a4bb451a5d9b6f3d899f6a765b2ea6a6246227685e79f67f24d7d3afd559a2316d5ab76dbbc7978265bec7f8a28db73f00c0d88ed74ce0a53afda26fe358bac29dd6611aff63d8bbad9ebbab21d7cbedb76cbcf2689feaa384eba9fee374f65791e9fe87153c63e8be2ec878f8131f9cbbc7da9347fbcf81c997407cd49c6c89e2fec134cbd9dee2fbd69a2da61e6844eabf298af006dda4a1975c1737788f675511fbb79b1659928dbb559cd1f272f43f6f1ee6d0769359fc301dedc7c7f33f5c987c1c3bd256f0c39376e0df17dea1b629dab769b6d7d5c752cf35e376f4b78fcf3e324df1ce263bee16eb13de7559d57def4117364b35d37abe3690ebdaaf222fea014b59f2345d5f426df31f8bb26d2c9f7c6d1f0b17be8d0da09f441d73f44cb4894c94f4c132331a8c288dd224cfd3af3fad4f64755baffbafec09973d4b7409493affeab3bc6da8ccd7a571723f584dc9a325d6eccf435a4de10afe0c9ad35f83193cf6f0648fc74c9cb0f89fdcfcfbf7859137ab5edbbea833589a60fc21c2f519d384ccbe5b6899b73f34499e0f46b017df3d37c7b7a753c676e9729459efa186ebd894ead7c8286972da0e3736ea43f5e7d719413375e4327ef99499fde7e13bd71dd45f1ba0687f5d8d9b1f7ccb3ffb50c89d33fd387310f991ef2387db88a26cab4dbcc581f59abb6f54d80701ef07af5dceca2a73e918922be33e4f602da2c37a99f668b7a26d81b06f58831a80bcfdd318ebafa84f1c87baa5609621e1fee910bc21e3a7c4ed4efbc7eab17e2c96ba0ceeb8bfa4223172bbd3a513df5183779051d949bea95c57174873103ea2b01eae9a84aa41e71d1b20b7eb5201ad741ab92ddc87aec0d026df2ec5bb3d53d4515fd99ccea52afe0dababcbef2d7736d5f3b56e9f6ab73afdbaec3abc4c29e2d08b3eb6a5646287665ce3f655694e1bd5bbdca383c28d2d4ebd2724ea564195ef9768c5c80f7ca72725b9abbae3e75be5366f3eea491c2fc8b6d65fccc9352bb8857c7a468e70a35f345f7459ad8be4b1f187a3e4fd1f359cff5bbf539f7dc300d9fd3c78d8c856abb699725f3b829639f7e9d51640c93fd98f277981b0a665fe3e6982b051f077fbc92d79285fa74396d28d978893ad56be3e964726e9ae49f0f4606659285697b95ddf808e790e8ef14d9df03ec0187317ca68cc2ff0eb6bc9124627d60d08d898f3f37f70c0cd2a0ba0e977afb433eb117f5aede9baed532f7a9b7d3b75e0668b38877569bda0937fef97192733635617b68f72a317feedea0b7e5f1c36f18ed5e258e197b0d47fc41296a3f478aaaa94d7ea5065fa28c54ec3bf9d678f72da7ab2e9f4bcb0e9841193ca0cc966ff293ba1263bb80c6cc584b07ed49dd949bc1ccddc417d889bb0cb8c1f791e9d2d8536f8a5f5ee2b4358b8cbe5fb55a1a4b635017e845947a7569bb34b70b9441e6f53f334ff4755d7af11c3c248daecea70d68376d8e2c8af2d8f9a3c974f6f995347cdfed74fc97d79b410bf5e9f86fd3b12957d1e70b1ea0972efec7685d12f502839236cfcab4274fc38b98fcb9b4fc9099333c4ec6e4cfdeae9f26c9d7bfb6ca1b0af3a4010fe701af57fdcde2bb511af705e6359f3dbb6949320feb13635007e4025c980d65026a6df205ce531fbe68775e3314dbe609a67e0dd12c169305ee6e5a25b7edc27260337ba5740b2d16e644dda45079dd5716d5a2de182bb91fb540b2ed79ee2e7503e2003b2756feaa9a6e73627ed42bb8e60d24f37a6ef244ce79e5d2f4952f9a65bbd8025c7e5527e96f6e5da67cd33142b12b77fe75c8ef184b83cfde24534fceccf763a59c9b030c757340cccb6db6ac99a7bde29c2c4d9168237f5d5bf6c9f6431d33f67568754ca6fd1fd82cf797f68fcf673dd7edf9589267d8747bd2d8b1d7b2cbd8a75b6706f262266ff2a96dfde4c83129329ef63be77c1c0a8c975e8c9af1320b53f98023592fa9372fd2b4dcf3c108a1c657b4c9de3489ce21bfbf0a133bef0646fae692bc11d241abd59b226e4c1c82b9c9c99f33f2c6983c671eb4c763ee3ef536af4b19d6589bda8920fef971f263a6e68f63f2d9fc55c78c6bf2117f904dede7485135adc97f69ee5f556cf02525cdeec685ca206d3417296bb64a997cf53d6f6b161957af4d0d32378d4589197b8ecc53c4e4ef795eb46ffacafc1f960bfacedb6dfe7e3ebde3b967cf1a612c1fa537c4df692cb6d213225f188bb9f4847cd2ad0ca82e93d6539a0f27ff80ce2c7b8c867e753d9d9e35d9ccac50d2e41fb9f64afa7cfe03f4e2f7fe77b42e17f99abe9436fb57a827e5e17839f3c698e8e81c51267f2e2d31e51432f6aa6c7ebdfedc74b779d9fac418d41af9b4a8235d608fa4c9f75f33741688fc6f3f4d6ef385a85ec4aba75a0efa954579c14a164402de1ef5ea6ba46c65afaa49936416ddb62efb944df5957d6e514f6bfdbe997639aff3b2fee6d665f3371b2314bb32e79f349ff23bc6c9abf31275f795bd7de4dc1c309f258b78fe045dd729db11beaeadcd9b7d9aa2e6a87d3dd73f26bd6d3e9ffdb99e6fd8f471933ec16194b14fa75c16fc35fb7193a943c6d631f97c1cd893a4dcf1e24f9cbc7960e2af91bf3592a6e59d0fec67f546ef33bcb9e8cc21d95ffb3d6cfb993a4ec4f44b6e60981b9ae3eed26fbdc8d7fb931b18e1b1a188ce4d4ed69c490dbe7a2bcb7e9ebb4fbd9d9e4fcdabc17e9bda899c7343569cd49c65e777f5368773fcd8d7f305ea38b1c72ae20f4a51fb3952544d69f29fffefbfa41387d6576cf025be910a91c6d59825b5ad0d9563748d49e375a9ef79cf58ab5fc366d23fa8129abb7288997b8b4c2f62f2070ef4887e457e58ce7e875c7deef79db75bff3de6a1d74d9a40dd14f04dbe31bcf695ff4466e156a101fde0869fd0b13933e9ccbd3368f0671394998f72c577e9f8ec5b69ffad53e9e589df88d465be179ffcd680853f290fc7cb9937aa0f1973c43cc9bf7da34d335f955065f3ebf5e7a6bbcdcbd627c6a0c6a8a7457221ec33299ebf029c45345fb4abd70a3b6859f2f48a2f10f9df7e9adce60b51fd943f79b895483f25c95bd4ab279472d16a4a5855fe035e6611aea45f9556bf74acfa6a7ebd964b2dd6fdbed927a76ce1c6fb9b5b97cddf8c8c40ecca9d7f3d07e9dc41ffd7ac7d74dec42cab457c877ad2ef9a289d4fb643cd41febd6af3d4567fcf5fff8059e68db71cc35d9ec9d7c74df4865619fb74ca6520bf0e943e7d3ea7de5a704d0adb175f64e68e175f8cf2b193372ee5d8d9a3dafd9e7823987c7ddee1fbf4e69040ff1856a9af2f0a64fccc0d2355468c7780f35b0bb1b9c989cd1963f0e51872832fc8dfa7ffea6fd8cfb62233fef971725ecf17c8399cbcbeaf8e0bef584d6e2022fea014b59f2345d55426ffbdfe0dcae0efdbb28a362eb9ae62832ff18d54c0c05e5a26ccde98df9aef37ab57d8adb9724d9a53d760af7a127cabf3036cee77b1b9b92b17dfd873ec77f12d7eba62c0bc36ee7cff5cfffe40f28ab8e9bb7e3d5f6cbf385f9959fdfabeee837d3d5f95bd5596d5af2ff2580cbe2d5fe34f7fb15fff409cd96f8506f4c3eef9b4f3927fa7d3cb1ea7e33fb8848e5d7b5160f00f5df62d3a74f945746ad1a3f4fa05e753ef03bf8ad43540075e906f5d783f48e7f4d5bc2a7fdb72f3e6c33a9a219f94dbb1567dc88893fd4ebe7a3d5fa4897930416ccf7e5b2e2a6b65f2eb13635063d46bd14ceab55169a8cec5f35780b388e68b76712ccbc577f2f44afdc8947d3d555f68fc0b4fbacd17a2e63bccec3bc2eafbcee64970eea2defcc2b1fd6ebf7de258ee8f8a69f477c1d3b2e6e683bc589abea64f84755efdbb017edf04a65dc9af2babef6f9afee6d665ca371d2314bb4ae69f38460ecaefa49bef6d3bff25a4da96aff49b57d9cdfce9da16fb9d115da734d5037b578b764c31370ee4ebce628eaaa7b6d64ca5af939763b8cb33f9f657d2d92f71cbe3469ab332f699d6978d6a97fdfa81faaa026ba7aa9b8d2f1f87c87825dfe5373728f5d8f379a0ff4e9e7caafad239d208263f38efa836a65f87b03730d4573b78b9e038d1dbf62b17e957fca4f49b31ea6687bc21963b3739e19c51f342de0c8ddc48ccdda74cef95d7943bd2370d9c7eb61125e29f1727e77ca18e1ff6350ee7fc686e70b1af2f21fea014b59e23455595c91fe9ff27ffbe1ffd399dd8b791860fbf45cf4c3f9f5e7be86f69d7eb3fa2fef9ff461b669f1f2d9385324ed28445d0865c3ef160dfd3be7c21cd12e63866f2b5d11279d477b90769f8c85aba3a2927f2ad3b6cee285666f2b971aff6d7f525f28271649dfbb582ab5e482f18b6eff2ffceb7e9b3dfb5274dd387058f2ad3aad2a7afa523a6ac6348c58edcfdb0ffbaaf4203babbaf97defaf17fd2818eefd3a9e58fa91fd93b72e505dadc8fff0e1dba4418fc4b2ea0938f2fa4f7265e4c7f18ff55fa60cb9bd1bad4770ad58fe5d9f6491ea53efb245ce4d1df71b7690b6889ec8f63f2bb69967c426ff2247132afebcf7ea42b49cb9b07959afc7ac418d4197f715f03f402452c12e50fa9f145bb3a96cd0fea19d205906fdefc6d77212a8f17f5035a495d5db4cd3c71ca5fd48b73a2fa21b7b4ac5ca0663fe5ca23ac4b3ef9d275857d9569fa8d01bf6fa62e75c345e79dbc62b52aabfb9b57972ddf6c8c50ec2a9c7ff67bfdf2cd0239d70eafe65ff390dfcfd7e735f51a7ef2798abe21c14cb5bd71a0d227d38a3efd439272bb43fee7f9dc4c9561b843933f48bde6b8506d904f12d90d8ae0b8913f8e27f75dc63ed37d65337820ed9ffcf1cc3ed977ef370756afd0ffc7ba241987dcf19a435dc913283e5e229f7a85dde4bbab57f7d198fe8630f9728ed236750ed3ed944f77edf7b325faab14e1cd19bf9c20f3d877e770fedce4e57c93ff1cdde595d1c47ea034723c8a75009f63f1df01687d4ac63f2f4ecef942c497ff978a72beabb78d4c59e7f71204883f28458de748515565f2172e5c483d3d3da654be643e993f564f51a4c93f7b600bfd71e9f7e993795fa357affb0a2d9df867b476da5f47f3e721e29da974f1294ff656c3342c36f4895e5e08d9eba6b632fb8a95f7e42ebd3878e50ac2ff7f7c4b35265fa20c2e53d826de771e1363329f3f90f691bd5aa642c1164fee7e52f3ac6356d924ffa06725f55e7d01ed9d74259d7af231faec5733e8d36baea0c313c6d3b15f4ca793dd0be9fd0917d2f3178ea5b7562c8ad691104c04af4dce580ed319d91fdb3f63a237b32a9238d9efe41f4a4be7cd031e373f86ee7658b61e310675a41ee392cc5351affa9bcd83cc63d99f4bfeb62e97e6f7cf9b691ffc39abe6247fe534f39c58015e5d7cbf7e5ff38e1b05ebd0b9339bc5c29bffb76d597535312311bb8ae79fce67b7b3ce6bfeb5cb2a2de7de2c30a9746630edbbccabde16b026ca3f26bd6d3e9ffdb92eb1a1506d901b7ceeb374259be6ed236f9fb69e5cf8d88a7283bcbca95b5dbf8c9271c81d2fbeeef1cc25ef948887de858e0bff5b52765f6a06ef0bef639ac6cf6f7e5a226fbc53dc395c6a6ea6f8fbf6f69788cd8f84f8f1e80e07cfdf3e14897f5e9c78f960ccbce3cb9fcb883f28452de748515565f2f7eddba78cbb7c422f5fc5cf42a6cb7c327fac9ea28cfffa9fd0f6f913e854ff93f4c7fe25f4ca5ddfa8c8e0371b31932f89e5ad3f95bd8d506bdeef799a365d7311f55ef48ff4c92d53e9d86fba141fdff4537ae5db6369ddf8af9636f8d592f7a4dc98fca73e8ca40100461ff56a67faa4ccfe774be98f8e814c1a3a76d230d9a7d1b127a1faf5eb711dabe970d4448138dae4e3bbc6000030ba145555267fa4b9ec6b7f4a577dfd2b34ff877fa1ccfd9b4f5e1fcdd76ac40c7ee677eeeb4e63987cc9cede4df4d643f7d06bd75d402f5df64fb4fea2bfa3f5d77c837a1ffc357db0f98d68999a02930f40f332a0ff4b35fbfa1c7f253c9a1fa4347cecf493d1c33df1d777d57f9d3f2a4f969b14f35de76abf470a0000a07a8aaaa94c7ebbc2bf93cf89e5ad3f19af6eb623fa9dc4f8c23678051200d068f0d7e7c4590dc76b193443ecb25edfc5ebb46592bcaa8c9b60000030da14154c3e0000000000000000d0e014154c3e0000000000000000d0e014154c3e0000000000000000d0e014154c3e0000000000000000d0e014154c3e0000000000000000d0e01455d4e44310044110044110044110d47c82c987200882200882200882a016114c3e04411004411004411004b58860f221088220088220088220a84504930f411004411004411004412d22987c088220088220088220086a11c1e443100441100441100441508b08261f822008822008822008825a4430f910044110044110044110d42282c987200882200882200882a016114c3e04411004411004411004b58860f221088220088220088220a84504930f411004411004411004412d22987c088220088220088220086a11c1e443100441100441100441508b08261f822008822008822008825a447531f9e79d779ef90b8220a84574642d4dbc7c26cd7ed76c431004411004415003aae6265f1a7c0b044150aba86f010c3e044110044110d4f8aaa9c9e706bf998cfea2458be8a1871ea269d3a66522d3653e08829a5bff736e883e5a3d8136df7f216d9cfb1ddab1e49bf4e5e9a326151a3b766c942c5d7b6daff90b2aaa2f8e1ea5e3cf3e4bfb6f9f4e1f754ca15d1d93e9a39b6fa0a33d2be9eca79f985cd068e8ed7d6768f9c6cfe9d1970768c1faa3f4f01f8ed2032f7c4af7fdfe30cd7de610cd59f331ddb1723ffd62f95efaf992dd34fd895df4c0b3fb4d69088220086a0411fdffc516b36b9c8b35e10000000049454e44ae426082, 32, 2, 2000);
INSERT INTO `plat` (`id_plat`, `id_categorie`, `nom_plat`, `image`, `qu_init`, `qu_res`, `prix_plat`) VALUES
(7, 6, 'ndole', NULL, 100, 12, 1000);

-- --------------------------------------------------------

--
-- Structure de la table `poste`
--

DROP TABLE IF EXISTS `poste`;
CREATE TABLE IF NOT EXISTS `poste` (
  `id_poste` int NOT NULL AUTO_INCREMENT,
  `nom_poste` varchar(20) COLLATE utf8mb4_general_ci NOT NULL,
  `num_emp` int NOT NULL,
  `heure_debut` time NOT NULL,
  `heure_fin` time NOT NULL,
  PRIMARY KEY (`id_poste`),
  UNIQUE KEY `nom_poste` (`nom_poste`)
) ENGINE=InnoDB AUTO_INCREMENT=5 DEFAULT CHARSET=utf8mb4 COLLATE=utf8mb4_general_ci;

--
-- Déchargement des données de la table `poste`
--

INSERT INTO `poste` (`id_poste`, `nom_poste`, `num_emp`, `heure_debut`, `heure_fin`) VALUES
(1, 'serveur', 12, '07:00:00', '15:30:00'),
(2, 'cuisinier', 8, '05:00:00', '22:30:00'),
(3, 'gerant', 2, '07:00:00', '22:30:00'),
(4, 'menagère', 5, '05:00:00', '07:00:00');

-- --------------------------------------------------------

--
-- Structure de la table `preparation1`
--

DROP TABLE IF EXISTS `preparation1`;
CREATE TABLE IF NOT EXISTS `preparation1` (
  `id_plat` int NOT NULL,
  `id_operation` int NOT NULL,
  `q_sp` int NOT NULL,
  KEY `id_operation` (`id_operation`),
  KEY `id_plat` (`id_plat`)
) ENGINE=InnoDB DEFAULT CHARSET=utf8mb4 COLLATE=utf8mb4_general_ci;

-- --------------------------------------------------------

--
-- Structure de la table `preparation2`
--

DROP TABLE IF EXISTS `preparation2`;
CREATE TABLE IF NOT EXISTS `preparation2` (
  `id_plat` int NOT NULL,
  `id_matiere` int NOT NULL,
  `q_mp` int NOT NULL,
  KEY `id_matiere` (`id_matiere`),
  KEY `id_plat` (`id_plat`)
) ENGINE=InnoDB DEFAULT CHARSET=utf8mb4 COLLATE=utf8mb4_general_ci;

-- --------------------------------------------------------

--
-- Structure de la table `preparation3`
--

DROP TABLE IF EXISTS `preparation3`;
CREATE TABLE IF NOT EXISTS `preparation3` (
  `id_operation` int NOT NULL,
  `id_matiere` int NOT NULL,
  `q_ms` int NOT NULL,
  KEY `id_matiere` (`id_matiere`),
  KEY `id_operation` (`id_operation`)
) ENGINE=InnoDB DEFAULT CHARSET=utf8;

-- --------------------------------------------------------

--
-- Structure de la table `reservation`
--

DROP TABLE IF EXISTS `reservation`;
CREATE TABLE IF NOT EXISTS `reservation` (
  `numero_table` int NOT NULL,
  `id_client` int NOT NULL,
  `jour_reservation` date NOT NULL,
  `heure_debut_reservation` time NOT NULL,
  `heur_fin_reservation` time NOT NULL,
  KEY `id_client` (`id_client`),
  KEY `numero_table` (`numero_table`)
) ENGINE=InnoDB DEFAULT CHARSET=utf8;

--
-- Déchargement des données de la table `reservation`
--

INSERT INTO `reservation` (`numero_table`, `id_client`, `jour_reservation`, `heure_debut_reservation`, `heur_fin_reservation`) VALUES
(5, 2, '2021-03-03', '07:30:00', '21:30:00');

-- --------------------------------------------------------

--
-- Structure de la table `sm`
--

DROP TABLE IF EXISTS `sm`;
CREATE TABLE IF NOT EXISTS `sm` (
  `id_operation` int NOT NULL,
  `nom_produit` varchar(20) COLLATE utf8mb4_general_ci NOT NULL,
  `heure_debut_o` varchar(8) COLLATE utf8mb4_general_ci NOT NULL,
  `t_necessairequantite_necessaire` varchar(8) COLLATE utf8mb4_general_ci NOT NULL,
  PRIMARY KEY (`id_operation`)
) ENGINE=InnoDB DEFAULT CHARSET=utf8mb4 COLLATE=utf8mb4_general_ci;

-- --------------------------------------------------------

--
-- Structure de la table `tab`
--

DROP TABLE IF EXISTS `tab`;
CREATE TABLE IF NOT EXISTS `tab` (
  `numero-tab` int NOT NULL AUTO_INCREMENT,
  `num_chaise` int NOT NULL,
  `occupation` varchar(20) COLLATE utf8mb4_general_ci DEFAULT NULL,
  `tarif_sur_tab` double NOT NULL,
  PRIMARY KEY (`numero-tab`)
) ENGINE=InnoDB AUTO_INCREMENT=6 DEFAULT CHARSET=utf8mb4 COLLATE=utf8mb4_general_ci;

--
-- Déchargement des données de la table `tab`
--

INSERT INTO `tab` (`numero-tab`, `num_chaise`, `occupation`, `tarif_sur_tab`) VALUES
(1, 6, NULL, 2500),
(2, 10, NULL, 2500),
(3, 2, NULL, 100),
(4, 5, NULL, 1500),
(5, 6, NULL, 2000);

--
-- Contraintes pour les tables déchargées
--

--
-- Contraintes pour la table `choix`
--
ALTER TABLE `choix`
  ADD CONSTRAINT `choix_ibfk_1` FOREIGN KEY (`id_plat`) REFERENCES `plat` (`id_plat`) ON DELETE RESTRICT ON UPDATE RESTRICT,
  ADD CONSTRAINT `choix_ibfk_2` FOREIGN KEY (`id_commande`) REFERENCES `commande` (`id_commande`) ON DELETE RESTRICT ON UPDATE RESTRICT;

--
-- Contraintes pour la table `commande`
--
ALTER TABLE `commande`
  ADD CONSTRAINT `commande_ibfk_1` FOREIGN KEY (`numero_table`) REFERENCES `tab` (`numero-tab`) ON DELETE RESTRICT ON UPDATE RESTRICT,
  ADD CONSTRAINT `commande_ibfk_2` FOREIGN KEY (`id_client`) REFERENCES `client` (`id_client`) ON DELETE RESTRICT ON UPDATE RESTRICT;

--
-- Contraintes pour la table `commande_fournisseurs`
--
ALTER TABLE `commande_fournisseurs`
  ADD CONSTRAINT `commande_fournisseurs_ibfk_1` FOREIGN KEY (`id_fournisseur`) REFERENCES `fournisseur` (`id_fournisseur`) ON DELETE RESTRICT ON UPDATE RESTRICT,
  ADD CONSTRAINT `commande_fournisseurs_ibfk_2` FOREIGN KEY (`id_matiere`) REFERENCES `matiere` (`id_matiere`) ON DELETE RESTRICT ON UPDATE RESTRICT;

--
-- Contraintes pour la table `employe`
--
ALTER TABLE `employe`
  ADD CONSTRAINT `employe_ibfk_1` FOREIGN KEY (`id_poste`) REFERENCES `poste` (`id_poste`) ON DELETE RESTRICT ON UPDATE RESTRICT;

--
-- Contraintes pour la table `facture_client`
--
ALTER TABLE `facture_client`
  ADD CONSTRAINT `facture_client_ibfk_1` FOREIGN KEY (`id_commande`) REFERENCES `commande` (`id_commande`) ON DELETE RESTRICT ON UPDATE RESTRICT;

--
-- Contraintes pour la table `lot`
--
ALTER TABLE `lot`
  ADD CONSTRAINT `lot_ibfk_1` FOREIGN KEY (`id_fournisseur`) REFERENCES `fournisseur` (`id_fournisseur`) ON DELETE RESTRICT ON UPDATE RESTRICT,
  ADD CONSTRAINT `lot_ibfk_2` FOREIGN KEY (`id_matiere`) REFERENCES `matiere` (`id_matiere`) ON DELETE RESTRICT ON UPDATE RESTRICT;

--
-- Contraintes pour la table `plat`
--
ALTER TABLE `plat`
  ADD CONSTRAINT `plat_ibfk_1` FOREIGN KEY (`id_categorie`) REFERENCES `categorie` (`id_categorie`) ON DELETE RESTRICT ON UPDATE RESTRICT;

--
-- Contraintes pour la table `preparation1`
--
ALTER TABLE `preparation1`
  ADD CONSTRAINT `preparation1_ibfk_1` FOREIGN KEY (`id_operation`) REFERENCES `sm` (`id_operation`) ON DELETE RESTRICT ON UPDATE RESTRICT,
  ADD CONSTRAINT `preparation1_ibfk_2` FOREIGN KEY (`id_plat`) REFERENCES `plat` (`id_plat`) ON DELETE RESTRICT ON UPDATE RESTRICT;

--
-- Contraintes pour la table `preparation2`
--
ALTER TABLE `preparation2`
  ADD CONSTRAINT `preparation2_ibfk_1` FOREIGN KEY (`id_matiere`) REFERENCES `matiere` (`id_matiere`) ON DELETE RESTRICT ON UPDATE RESTRICT,
  ADD CONSTRAINT `preparation2_ibfk_2` FOREIGN KEY (`id_plat`) REFERENCES `plat` (`id_plat`) ON DELETE RESTRICT ON UPDATE RESTRICT;

--
-- Contraintes pour la table `preparation3`
--
ALTER TABLE `preparation3`
  ADD CONSTRAINT `preparation3_ibfk_1` FOREIGN KEY (`id_matiere`) REFERENCES `matiere` (`id_matiere`) ON DELETE RESTRICT ON UPDATE RESTRICT,
  ADD CONSTRAINT `preparation3_ibfk_2` FOREIGN KEY (`id_operation`) REFERENCES `sm` (`id_operation`) ON DELETE RESTRICT ON UPDATE RESTRICT;

--
-- Contraintes pour la table `reservation`
--
ALTER TABLE `reservation`
  ADD CONSTRAINT `reservation_ibfk_1` FOREIGN KEY (`id_client`) REFERENCES `client` (`id_client`) ON DELETE RESTRICT ON UPDATE RESTRICT,
  ADD CONSTRAINT `reservation_ibfk_2` FOREIGN KEY (`numero_table`) REFERENCES `tab` (`numero-tab`) ON DELETE RESTRICT ON UPDATE RESTRICT;
COMMIT;

/*!40101 SET CHARACTER_SET_CLIENT=@OLD_CHARACTER_SET_CLIENT */;
/*!40101 SET CHARACTER_SET_RESULTS=@OLD_CHARACTER_SET_RESULTS */;
/*!40101 SET COLLATION_CONNECTION=@OLD_COLLATION_CONNECTION */;
